date,sum_open_interest,sum_open_interest_value,count_toptrader_long_short_ratio,sum_toptrader_long_short_ratio,count_long_short_ratio,sum_taker_long_short_vol_ratio
2022-01-01,716024.9,9394446.1080949,,,,
2022-01-02,644169.8,8399753.09359955,,,,
2022-01-03,808368.7,9677790.0764,,,,
2022-01-04,796315.3,8788732.33781744,,,,
2022-01-05,626107.0,6431997.211,,,,
2022-01-06,854238.8,9267493.91247264,,,,
2022-01-07,942717.0,8752162.06878219,,,,
2022-01-08,912429.4,7415647.77420334,,,,
2022-01-09,1125895.4,9217205.56209914,,,,
2022-01-10,1060519.5,7852589.83842224,,,,
2022-01-11,921290.8,7717553.80858084,,,,
2022-01-12,822647.1,7772078.27934717,,,,
2022-01-13,687677.9,5836323.03185468,,,,
2022-01-14,651068.9,5484123.67083493,,,,
2022-01-15,740779.6,6105625.2917081,,,,
2022-01-16,742259.5,5991518.684,,,,
2022-01-17,920676.8,6852073.78747,,,,
2022-01-18,884407.3,6495608.56045928,,,,
2022-01-19,989236.9,6584777.21578069,,,3.475805789328845,
2022-01-20,890838.0,5928526.89,,,3.247439872244838,
2022-01-21,935434.0,4893255.254,,,3.269106758264114,
2022-01-22,755435.4,3383083.28112731,,,2.475115727298767,
2022-01-23,783059.6,3680380.12,,,2.680341583042175,
2022-01-24,1295362.6,6927599.1848,,,2.1020843847587196,
2022-01-25,959452.3,4829651.56384499,,,1.2644832356326043,
2022-01-26,681749.9,3351482.5084,,,1.7757787321843392,
2022-01-27,916783.7,4856554.09368632,,,1.9469019127027012,
2022-01-28,891927.6,4705008.85255258,,,1.4534809199061764,
2022-01-29,1221496.3,7688097.7122,,,1.5221749444418722,
2022-01-30,1558579.2,10725938.05196851,1.0419944572916668,0.9927624460763889,0.9858216696527778,1.0881283374652777
2022-01-31,1430328.4,11088445.72007429,,,0.7750564152341806,
2022-02-01,1157996.2,8693633.75161456,,,0.8433272256217149,
2022-02-02,1476146.3,11421257.05801462,,,0.8237304019780197,
2022-02-03,1454766.2,11206064.0386,,,1.066766406592901,
2022-02-04,1201912.5,9440945.7170235,,,1.473144524222754,
2022-02-05,1318780.9,11241288.3916,,,2.1453290515620265,
2022-02-06,1028810.9,8222256.7128,,,1.925875479629165,
2022-02-07,1286572.3,9932338.156,,,2.9901400210558027,
2022-02-08,1129113.7,8548519.8227,,,2.7265161485841825,
2022-02-09,896343.9,7034246.95161524,,,2.3862769234521664,
2022-02-10,880491.4,6099257.98189135,,,2.317637176345175,
2022-02-11,1132007.5,6883603.09104878,,,3.1685314469614503,
2022-02-12,1118722.0,6877902.856,,,2.9597773473170794,
2022-02-13,1036535.3,6015700.85359454,,,2.9798064104123316,
2022-02-14,1113469.9,6479281.3481,,,2.8644597676023227,
2022-02-15,1120868.1,7135020.09208761,,,2.594245964179912,
2022-02-16,1055079.3,6297768.3417,,,3.091871622029827,
2022-02-17,1153079.3,6076727.911,,,3.266055307775958,
2022-02-18,1124994.5,6067000.98521129,,,2.67107594044909,
2022-02-19,1078338.8,5780441.12218034,,,2.763053378931362,
2022-02-20,1032514.6,5033508.675,,,2.5874947835067825,
2022-02-21,1010059.6,4456382.9552,,,2.581652298674683,
2022-02-22,1080923.3,5199758.31641752,,,2.178045375689358,
2022-02-23,939492.0,4561604.4774924,,,2.201791823520338,
2022-02-24,866133.7,4265922.25161983,,,2.1411990056429584,
2022-02-25,892801.1,4858623.5862,,,1.8262019369484033,
2022-02-26,943614.4,5106868.57310675,,,1.8828823095522584,
2022-02-27,1015160.0,4911344.08,,,2.1563267476923293,
2022-02-28,1015614.6,5469084.621,,,2.7758522795388836,
2022-03-01,811420.2,4573078.13117417,,,2.1769781718139987,
2022-03-02,808066.5,4243637.44966295,,,2.259964915492768,
2022-03-03,914232.0,4631751.71317056,,,2.439437370190294,
2022-03-04,877486.4,4142613.2944,,,2.4970400282709635,
2022-03-05,862688.5,4208403.59281175,,,2.3056470139711243,
2022-03-06,876673.9,4018325.51256496,,,2.3257511452750887,
2022-03-07,0.0,0.0,,,2.4888226517606546,
2022-03-08,883678.5,3881999.6505,,,2.4064698459587657,
2022-03-09,943791.4,4475458.8188,,,2.4577509961345827,
2022-03-10,857469.8,3863574.00543763,,,2.7254435095645726,
2022-03-11,783924.1,3417909.076,,,2.752914816862482,
2022-03-12,773694.5,3351018.56230616,,,2.7834700297027513,
2022-03-13,754938.9,3228873.6753,,,2.7427713142833867,
2022-03-14,808009.6,3580141.57295014,,,2.5372574828386316,
2022-03-15,793777.5,3494208.555,,,2.7493345575713293,
2022-03-16,1144655.7,5389677.77637371,,,2.508363209838944,
2022-03-17,927145.4,4210167.2614,,,2.566382222482871,
2022-03-18,1022196.2,4805784.35077625,,,2.4640082510521877,
2022-03-19,1105506.7,5511083.41658813,,,2.4301885416086204,
2022-03-20,951469.0,4423113.42638512,,,2.8302877568663565,
2022-03-21,1153003.3,5570158.9423,,,2.9738639254465333,
2022-03-22,1014414.3,4876613.32085627,,,3.141551942646164,
2022-03-23,1126806.7,5697134.6752,,,3.2879626357262555,
2022-03-24,1230919.1,6440426.60875145,,,3.1002906886671386,
2022-03-25,1657963.6,8845379.99909429,,,3.4559421080455195,
2022-03-26,1311575.8,7227462.84120988,,,4.174463333798445,
2022-03-27,1126768.2,6281660.66944129,,,4.166241895598339,
2022-03-28,1116384.9,5838889.78983863,,,4.274476637572509,
2022-03-29,1060933.4,5751431.56098435,,,3.8436124799597176,
2022-03-30,1167932.6,6366400.6026,,,3.9365690362822017,
2022-03-31,1105050.5,5658963.6105,,,3.862072812935874,
2022-04-01,1053303.8,5490077.19117201,,,3.5031253170476604,
2022-04-02,1083211.2,5720096.58323429,,,4.094523853613364,
2022-04-03,1515291.4,9002346.2074,,,3.3658820548085133,
2022-04-04,1248775.3,7176770.54134315,,,3.2351655638753587,
2022-04-05,1201510.5,6728351.26481025,,,3.210143904837246,
2022-04-06,1099450.1,5204616.35363859,,,3.3835743106880023,
2022-04-07,927699.0,4549782.82759503,,,3.0823034343970104,
2022-04-08,899771.5,4102058.2685,,,3.13728674681442,
2022-04-09,886083.9,4196753.81476241,,,3.0318905843615087,
2022-04-10,853309.7,3931384.9613827,,,3.0841646414670296,
2022-04-11,813392.6,3366631.9714,,,2.756104928714997,
2022-04-12,863379.7,3767112.66504441,,,2.7748003765883307,
2022-04-13,867470.9,3858329.8429874,,,2.553741463984311,
2022-04-14,943700.3,4003291.28500144,,,3.239484267244256,
2022-04-15,927063.2,4027162.5408,,,3.4823482542988415,
2022-04-16,956325.6,4178186.5464,,,3.412755613766003,
2022-04-17,977229.0,4097094.60722463,,,3.0498053013527584,
2022-04-18,974427.9,4167304.31616455,,,2.883998150995178,
2022-04-19,939043.8,4141755.91837537,,,2.9311529781059216,
2022-04-20,971878.0,4238941.69501446,,,3.111449030738372,
2022-04-21,939654.3,3963174.9797353,,,2.7910159240969277,
2022-04-22,1130029.3,5085271.61202382,,,2.7074178912592073,
2022-04-23,1042338.9,4453914.1197,,,2.395281024075393,
2022-04-24,1011196.9,4242982.1924,,,3.023155624894972,
2022-04-25,982729.3,4058923.06685427,,,3.195855314653659,
2022-04-26,962727.6,3570414.16842902,,,3.0395663739102394,
2022-04-27,929638.6,3580967.8872,,,3.0646750816433195,
2022-04-28,916944.5,3532987.1585,,,2.797685968690664,
2022-04-29,951727.4,3426218.64,,,2.715296696190409,
2022-04-30,745554.0,2372813.4312612,,,2.593485686001886,
2022-05-01,743619.3,2534425.94146769,2.2022292993630574,1.0357936691,2.2415805589810893,
2022-05-02,761368.7,2606926.4288,,,2.3114037615563165,
2022-05-03,793785.4,2602592.26377752,,,2.210847852232423,
2022-05-04,927677.3,3323068.48841509,,,2.235129052456404,
2022-05-05,905482.8,2902977.8568,,,2.36879820549521,
2022-05-06,866660.2,2806245.7276,,,2.3667208892405904,
2022-05-07,796801.4,2460522.7232,,,2.386517314293073,
2022-05-08,855804.6,2541739.662,,,2.5046148019907104,
2022-05-09,771831.4,1903696.48470595,,,2.3399246972206122,1.2194197309858408
2022-05-10,782750.6,1893178.96448908,,,2.0080096321086964,1.1466721051938273
2022-05-11,799224.1,1224814.03423951,,,1.8378913616992216,1.077504957622381
2022-05-12,998558.3,1232226.08477525,,,1.4713621763522375,1.092651787898611
2022-05-13,854922.5,1213989.95,,,1.4366830543003601,1.216413749413889
2022-05-14,992729.3,1636790.01139495,,,1.3833390537335783,1.2318398528972223
2022-05-15,1052907.2,1737185.85093576,,,1.4429151288144924,1.299091106965625
2022-05-16,1030218.4,1563871.5312,,,1.4698348229247973,1.2522094688576388
2022-05-17,1048904.3,1735936.6165,,,1.325886342995245,1.1403075331114583
2022-05-18,1909439.8,3045960.61393367,,,1.3265094018854076,1.0782464943569445
2022-05-19,1255868.2,2134245.1628531,,,1.354611127361632,1.1153644852729165
2022-05-20,1250081.5,2164759.99564984,,,1.3936233435704726,1.1699871473913197
2022-05-21,3506702.8,7419032.2950751,,,0.8804883726062065,1.1027346050520832
2022-05-22,2078732.3,4273873.6088,,,1.3174101720805003,1.0365417745302083
2022-05-23,1512941.5,2797428.8335,,,1.6675662280280832,1.0113062748149306
2022-05-24,1848046.9,3690549.6593,,,1.5683369665488602,1.131483117810764
2022-05-25,1461284.4,2686528.7583469,,,1.6814353247573293,1.049701899869097
2022-05-26,1305002.2,2144118.6146,,,1.759143667754484,1.1544869400690974
2022-05-27,1204879.7,1919373.3621,1.7209590545344522,1.0875644952499999,1.6717456738703744,1.1274799033024305
2022-05-28,1368215.2,2294496.8904,1.6595986697868674,1.0313005343958332,1.6004204764705299,1.2345422644651245
2022-05-29,1664533.2,3064405.6212,1.72593249770408,0.9739429930736111,1.7713290525670644,1.0686127014333335
2022-05-30,1574176.7,3286880.9496,1.54508332900609,1.0201258356277778,1.5514273553838756,1.1625759028625
2022-05-31,1439718.3,2916739.24044314,1.7943063692986598,1.0465487794253472,1.6175792051057813,1.193729610451736
2022-06-01,1616360.2,2945008.2844,1.6066535854229116,1.0291677048631944,1.4393591258448382,1.1825032648131943
2022-06-02,1395052.4,2671525.346,1.668366889328247,1.0066854483996528,1.5957994924764323,1.1818965494895834
2022-06-03,1567732.4,2839403.41190776,1.729601957924599,0.9934747348694444,1.6426612364850994,1.1089712613069445
2022-06-04,1782652.1,3192999.91158707,1.9887150324327034,0.9821024452934027,1.8549052276588804,1.4658638395052084
2022-06-05,1673639.2,3024266.0344,1.983234567465388,0.9898706671451389,1.8295885762855422,1.3746330456583336
2022-06-06,1473804.3,2738328.3894,2.0595027471217637,0.9753158908590278,1.9176434203989012,1.3764761070850693
2022-06-07,1418475.5,2691315.09911264,2.2293265323275273,0.9612864707416667,2.006662635720313,1.1845763421399305
2022-06-08,1443552.6,2642665.70992759,2.2813806728153727,0.9687469801392362,2.0902579893411675,1.4293342180493056
2022-06-09,1399764.2,2536665.16913666,2.4327739917073097,0.9737579835850695,2.274209022740523,1.2610966754538195
2022-06-10,1360378.6,2322059.87498969,2.061866741778959,1.000060459742361,1.9549734747457523,1.181042509245139
2022-06-11,1445910.4,2154406.496,1.7400253164374933,1.000807385878125,1.6383449933562855,1.3829920257836805
2022-06-12,1289636.3,1805307.05972361,1.9470537919333895,0.988490702720486,1.8635910164051512,1.0499649490659724
2022-06-13,1333289.1,1745275.4319,2.0192976717804396,0.979945239817014,1.8451413060851622,1.1026981673236111
2022-06-14,1239374.3,1669437.1821,1.8660179560912633,0.9632390673298611,1.6500258787815278,1.1106671611663197
2022-06-15,3974335.6,7937524.73863288,1.5455862856741598,0.9666730936847221,1.4028010064608862,1.1113289883079862
2022-06-16,4565679.4,7286824.3224,0.7159492260366416,1.0659909085815973,0.5664077573764713,1.075832885978125
2022-06-17,3385962.3,5314692.15864544,1.2034202889236714,0.9715706744180557,1.281026673984666,1.0923073463809028
2022-06-18,2191953.8,3437267.92056647,1.3669655395141684,0.9742953531777777,1.4499028667824811,1.1456191058479166
2022-06-19,2240177.9,3779180.1173,1.2607106476495469,0.9763497978215278,1.3207225192970191,1.066825146759375
2022-06-20,1916869.9,3085750.06047961,1.4215842310211473,0.9951133678711805,1.48277629492929,1.06914370481875
2022-06-21,1857354.8,3103639.8708,1.5441323369795468,0.9910981128107639,1.6490268351293982,1.0919009568881946
2022-06-22,1937754.6,3231787.85822675,1.5913986430363083,1.0133371533607638,1.6390478738801884,1.1420292471072915
2022-06-23,1942511.3,3360749.19256546,1.6839999412414306,1.0239297361402777,1.8043832321961055,1.0850361280357639
2022-06-24,2064163.4,3963107.81751929,1.7834162217973661,1.0450495389233159,1.7090662638109317,1.100296739878125
2022-06-25,1905485.4,3560716.35212202,,,1.8668795200196229,1.2317556503677085
2022-06-26,1779232.2,3001097.31710106,,,2.005873218564042,1.2128459687128472
2022-06-27,1674889.7,2802669.91294061,2.0108043418112818,1.0025450261166666,2.1969734031062083,1.1526656281225693
2022-06-28,1751971.3,2741835.0845,,,2.0247842553661908,1.223487686189236
2022-06-29,1836754.7,2912540.44001869,,,2.009174703302107,1.1620418034378472
2022-06-30,1682512.1,2587119.57619985,,,2.022718528335971,1.1684784405027777
2022-07-01,1740461.2,2614172.7224,,,1.9863156765472871,1.417411577692361
2022-07-02,1808975.6,2811148.0824,,,1.9981185158206383,1.3444532188194445
2022-07-03,1824998.9,2843131.89608043,,,1.9602317629834296,1.2293370422315972
2022-07-04,1746709.6,2848209.1102273,,,1.972367147584232,1.232527654919097
2022-07-05,1686369.1,2828040.9807,,,1.865470972564528,1.2092787037673611
2022-07-06,2066167.6,3483558.5736,,,1.9076426446816324,1.0619813220961807
2022-07-07,1823729.5,3101942.55168788,,,2.05390671544517,1.1809190586802083
2022-07-08,1772640.8,3143096.91386522,,,1.7474491281465905,1.277447695873264
2022-07-09,1746677.1,3063807.03580879,,,1.7626719140409697,1.2901128908725694
2022-07-10,1736629.5,2938424.15929316,,,1.6837792653027353,1.468377410325
2022-07-11,1742420.1,2702493.5751,,,1.7225217424317139,1.2756047878486112
2022-07-12,1794866.2,2724380.00256366,,,1.750554701432836,1.3113617284993058
2022-07-13,1892385.6,3029709.3456,,,1.7242062439286172,1.326733355049653
2022-07-14,1787622.6,2928483.50420603,,,1.8708217266123792,1.2846735819496529
2022-07-15,1980666.6,3455187.35851621,,,1.6835684632815147,1.19440441045625
2022-07-16,1964349.3,3480826.9596,,,1.393145984818299,1.3001471516795138
2022-07-17,1645730.5,2816793.94536474,,,1.43970361587551,1.3263471255909722
2022-07-18,1622502.2,3110910.2719277,,,1.6345320933273138,1.1875619954270833
2022-07-19,1614760.0,3057224.3652104,,,1.7099661048803787,1.1478063876354168
2022-07-20,1586481.1,2787447.2927,,,1.8509571394652389,1.122779839486458
2022-07-21,1606360.5,2846470.806,,,1.7449175201219052,1.270746742604861
2022-07-22,1661534.3,2801896.86411467,,,1.8370177383753752,1.2681821677427083
2022-07-23,1774255.8,3070198.03399933,,,1.8567243965880138,1.301621321911111
2022-07-24,1708255.9,2920278.93784845,,,1.6095805573791189,1.7820208464309024
2022-07-25,1519866.2,2413547.5256,,,1.8035932336776617,1.3404123271840278
2022-07-26,1489918.0,2397278.062,,,1.7050776969250205,1.3057227236222222
2022-07-27,1340320.4,2306468.39248864,,,1.7014670158050247,1.3432370260371527
2022-07-28,1541940.3,2917912.73019308,,,1.6934329656298692,1.2359735368392362
2022-07-29,1753866.2,3490193.738,,,1.6454935836064253,1.1384626171947916
2022-07-30,1592264.0,3143129.136,,,1.633097488095989,1.1582821049309027
2022-07-31,1562009.4,3050643.56463594,,,1.6048280335165235,1.34087370729375
2022-08-01,1644279.5,3336988.42451176,,,2.0227207334459374,1.0779080560374998
2022-08-02,1470859.3,2871278.60390506,,,2.0334088398368255,1.1809442217420139
2022-08-03,1492041.4,2876089.82821532,,,2.0504118091571377,1.0994918838739585
2022-08-04,1572604.3,3102806.54888932,,,2.1734976056767237,1.1614893262256945
2022-08-05,1608653.6,3267930.30621526,,,2.1432001137641996,1.1938422484006945
2022-08-06,1683851.8,3399696.7842,,,2.2010954961307263,1.1320676546274306
2022-08-07,1695501.5,3526643.12,,,2.1797896783467863,1.3317476293340276
2022-08-08,1484651.7,3119253.2217,,,2.18705580535042,1.2373574231909723
2022-08-09,1669373.5,3519039.338,,,2.172040646127519,1.0997344035347223
2022-08-10,2312059.5,5165892.20361393,,,1.2579794065811294,1.0900462816270833
2022-08-11,1849859.1,4024323.68696119,,,1.699739355398914,1.123147124859028
2022-08-12,1734524.5,3781263.41,,,2.408025654777456,1.2434355359381943
2022-08-13,1778339.7,3725452.00010922,,,2.594901287648694,1.1389457587940972
2022-08-14,1768422.5,3558894.02773028,,,2.604242505485865,1.0575666129197918
2022-08-15,1709353.6,3438252.34221373,,,2.778933466545427,1.101901872363889
2022-08-16,1723487.3,3437134.1252073,,,2.7684614398513427,1.2009938170614585
2022-08-17,1828674.9,3394588.61911069,,,2.811279353311694,1.0749029436128472
2022-08-18,1712172.2,3020271.7608,,,2.66781839548105,1.0878590468361111
2022-08-19,1538145.1,2517943.5287,,,2.1533607407702506,1.1613990100017362
2022-08-20,1417505.7,2262339.0972,,,2.18806506185822,1.1772700295510417
2022-08-21,1495951.3,2458700.12463902,,,2.140199087436385,1.2167907914996527
2022-08-22,1817880.4,3001735.43524369,,,2.1025436092541097,1.3092263189319444
2022-08-23,3757976.7,6485211.5672687,,,1.975649605631136,1.0218773801166667
2022-08-24,3675802.5,6176379.07881113,,,2.7944536893929577,1.1197770654003472
2022-08-25,3018481.3,5294716.90130711,,,2.3984323755338295,1.166211183428472
2022-08-26,2524044.2,3854215.4934,,,2.0971383286349186,1.0532817879559027
2022-08-27,2373393.9,3787936.6644,,,1.7236441755882674,1.1292297020767361
2022-08-28,2357336.1,3562452.30594731,,,1.5569674115842895,1.1133937082868055
2022-08-29,2108550.2,3501424.85182981,,,1.9188575065265046,1.238178034290625
2022-08-30,1955706.9,3092122.68984751,,,2.0308183372336015,1.1758209056878473
2022-08-31,2018236.2,3344483.10437809,,,1.8571503937040614,1.12282703564375
2022-09-01,2104850.4,3648756.88444126,,,1.7517765512738466,1.068136223057986
2022-09-02,1902975.5,3360654.733,,,1.5447654824818495,1.3019428106899307
2022-09-03,2226234.3,4101474.04418253,1.219048165094985,0.9444048229550001,1.2142339556823885,1.3607623870958332
2022-09-04,1995793.5,3724571.28448013,,,1.3068893726787008,1.1932347607538196
2022-09-05,1975966.1,3833628.12588419,,,1.2844314497547478,1.2495686486645834
2022-09-06,2088408.9,3984472.60449434,,,1.2277348129089647,1.1099013810420137
2022-09-07,2148832.2,3943107.087,,,1.0134667084797049,1.0990925422572917
2022-09-08,2293925.8,4169357.09038675,,,1.4855341807871203,1.1163124812982639
2022-09-09,2100424.5,4304763.34329699,,,1.4380589610568335,1.3408565664770835
2022-09-10,1780918.5,3488219.1719655,,,1.5016614293551074,1.1673981010854166
2022-09-11,1818466.1,3568474.71618525,,,1.58083034915556,1.219516736577778
2022-09-12,1798292.3,3469886.43750827,,,1.4051389302654604,1.203744191435764
2022-09-13,1658132.6,2878752.32192312,,,1.6305077386721922,1.0460490600315973
2022-09-14,1456157.7,2575470.27338743,,,1.7381389283324933,1.0698370000480837
2022-09-15,1481507.3,2452603.71978422,,,1.8559271416414793,1.1832702011076388
2022-09-16,1423172.7,2446931.59748837,,,1.9481861302353205,1.383480851611111
2022-09-17,1439593.4,2520462.15049902,,,1.854105444902225,2.1732046277784725
2022-09-18,1416595.2,2285135.44248883,,,1.98718558928535,1.4406871081145833
2022-09-19,1446112.1,2442591.89653535,,,1.7543357757638889,1.2153593106597222
2022-09-20,1444481.0,2403616.384,,,1.5677077647916666,1.4546037587152778
2022-09-21,1614536.5,2604247.3745,,,1.5210579009375,1.2554085317708332
2022-09-22,1623166.5,2711307.86112803,,,1.3622103215251427,1.1719356857152778
2022-09-23,1516095.7,2491725.90309784,,,1.6834868762403097,1.0758975710409722
2022-09-24,1519640.5,2477014.015,,,1.7971461499788222,1.2859423117951387
2022-09-25,1588610.1,2539321.61442059,,,1.8303919358596974,1.6219974374590278
2022-09-26,1659743.9,2738577.435,,,1.6926440089330173,1.0828062064524306
2022-09-27,1641200.8,2745728.9384,,,1.419508113398675,1.1409612235350695
2022-09-28,1587036.8,2669838.06192285,,,1.9952090876180384,1.1353066898194444
2022-09-29,1498157.5,2494649.63513483,,,2.037837435696618,1.198429740462153
2022-09-30,1555437.3,2629743.2190757,,,1.93585138940367,1.252881499452778
2022-10-01,1531280.1,2563258.65316359,,,1.9465604280630893,5.0820088480850165
2022-10-02,1557224.5,2499345.3225,,,1.9905974483333881,2.746016717925
2022-10-03,1684284.3,2826565.25538912,,,1.6788107093172575,1.3006178705628473
2022-10-04,1650074.7,2838986.2753328,,,1.8645521713743713,1.2890099099357637
2022-10-05,1545093.5,2637281.35965596,,,2.0221873490263933,1.3253470785736112
2022-10-06,1531468.2,2575929.5124,,,2.0500325203240966,1.4477258527979167
2022-10-07,1570454.0,2649355.898,,,2.107263676673714,2.6862634466246527
2022-10-08,1568229.8,2630909.10845723,,,2.1685360460714582,2.9078553902216027
2022-10-09,1538274.7,2587025.41130777,,,2.1936498518632885,39.71148172330348
2022-10-10,1631233.9,2634663.20976159,,,2.1788769133333052,1.549927047389236
2022-10-11,1656400.7,2681831.13282204,,,2.247484014973203,1.740426708121875
2022-10-12,1728567.6,2791052.93672148,,,2.067613969076289,1.236344445526829
2022-10-13,1539267.3,2412031.8591,,,2.0320642889087983,1.2661720207652776
2022-10-14,1522684.4,2338843.2384,,,2.060210433058478,1.2860043959774308
2022-10-15,1554638.9,2369433.83792145,,,1.9123701463201774,4.920594079915277
2022-10-16,1531311.0,2424212.15041179,,,1.8120401150761347,1.5044065668399307
2022-10-17,1539493.9,2512235.17495224,,,1.762242752095955,1.670276843788889
2022-10-18,1519226.1,2441811.6383467,,,1.873380501564884,1.5001000777152778
2022-10-19,1630235.9,2574142.4861,,,2.076428058645963,1.7778894305423607
2022-10-20,1595315.4,2463944.61409173,,,1.9395219551148155,1.3755267759118057
2022-10-21,1568484.6,2444325.38112501,,,1.9450561030737656,1.3263392517152777
2022-10-22,1519331.7,2373196.1154,,,1.648680822206433,2.063679242040972
2022-10-23,1506302.2,2391801.24400118,,,1.6036751402969855,2.121300043998264
2022-10-24,1674108.7,2717985.41871149,,,1.473267736658968,1.4639955029857639
2022-10-25,1514837.9,2509084.74403538,,,1.080359888728918,1.4581134251451386
2022-10-26,1580513.0,2726957.13392652,,,1.1304789842842016,1.399766129423264
2022-10-27,1432576.2,2514255.71001851,,,1.1881363024695846,1.188171894873611
2022-10-28,1599716.6,2899507.85368827,,,1.060403435544681,1.5771248005104166
2022-10-29,1477770.6,2680683.47891859,,,1.1008938051770796,1.4429564026791666
2022-10-30,1476773.4,2681436.56285147,,,1.1677535042916523,3.999594839028472
2022-10-31,1602765.3,2960307.5091,,,1.1369965946878817,1.1796711251440972
2022-11-01,1489062.4,2690735.7568,,,1.2080421836442625,1.3726132664399304
2022-11-02,1789855.4,3313572.43955864,,,1.2073133790234893,1.2671343664552084
2022-11-03,1820263.8,3497387.62477523,,,1.136069008292754,1.0802849733548614
2022-11-04,1820639.1,3776742.96147385,,,1.3852308608527772,1.0893730682923612
2022-11-05,1557483.9,3137571.03429617,,,1.4264578293210162,1.2233037034444445
2022-11-06,1415862.3,2626424.5665,,,1.5195650309254352,1.2291879519024305
2022-11-07,1348200.2,2577346.27358481,,,1.4337568721792637,1.0889875626243055
2022-11-08,1503177.1,2577498.47986324,,,1.292257057269154,1.0841543653336805
2022-11-09,1377752.2,2268533.40721535,,,1.163945375462908,1.0544349014788195
2022-11-10,1170810.0,2140534.2606075,,,1.2249387911098197,1.091602892981597
2022-11-11,1755375.5,3470377.3635,,,0.9499488618299049,1.185547071023611
2022-11-12,1337878.2,2358059.73534193,,,1.274412784600675,1.1645480842211806
2022-11-13,1295323.7,2347926.1088603,,,1.5373040567640468,1.1824003595586805
2022-11-14,1456618.5,2760292.0575,,,1.3731131966953805,1.103009516225
2022-11-15,1261244.1,2353481.4906,,,1.4067345003414067,1.2655962687621527
2022-11-16,1748827.5,3452185.485,,,1.4296216621683728,1.1970506575913193
2022-11-17,1825287.7,3679780.0032,,,1.0532569630330113,1.1997482355361109
2022-11-18,2335342.0,5123740.348,,,0.8270933676395056,1.3077494385732638
2022-11-19,1955584.4,4104924.38674164,,,0.9310105226808061,1.147157096287153
2022-11-20,1670695.0,2974755.09678165,,,1.6156082644338896,1.0332007157243817
2022-11-21,1461870.1,2692206.55295842,,,1.6430222596856099,1.288856874390625
2022-11-22,1401481.6,2615042.87684896,,,1.322708538360362,1.2424496166395835
2022-11-23,1407052.0,2669177.644,,,1.518571123644074,1.5551040990656249
2022-11-24,1396115.0,2617715.625,,,1.5737329829167872,1.495782038770486
2022-11-25,1249469.0,2260087.89414499,,,1.5438551008038464,1.493213207288889
2022-11-26,1385621.5,2484419.3495,,,1.3348729812993563,1.6091756473798613
2022-11-27,1304397.5,2330114.42644943,,,1.496130549893963,1.7601455097857641
2022-11-28,1481884.7,2745079.55409284,,,1.5188163745776158,1.2911986221524305
2022-11-29,1507345.2,2833808.976,,,1.3689449709220927,1.3928064122381945
2022-11-30,1625647.1,3174888.7863,,,1.1328495631731912,1.6008366214020835
2022-12-01,1667530.9,3275351.02028589,,,0.8902618491446906,1.5414455242159721
2022-12-02,1655429.7,3223177.51320667,,,1.2232817738404707,1.247588057534028
2022-12-03,2205362.3,4379181.50150571,,,1.190713158620349,1.3987950144315973
2022-12-04,3839088.9,8315783.89648847,,,1.0853213174693082,1.033327890295486
2022-12-05,2733930.1,5868144.31066054,,,1.5247275657219954,1.1238615926326387
2022-12-06,2524339.4,5458749.48094016,,,1.5031991395890323,1.198038428146875
2022-12-07,3900957.7,8784956.7404,,,1.2020485798254459,1.0245126511947917
2022-12-08,2836749.3,6103730.63664788,,,1.4012148975178549,1.0895477627326386
2022-12-09,2749320.8,6196969.0832,,,1.5106092318246236,1.0529786925229168
2022-12-10,3202043.7,7528004.7387,,,1.105571895184222,1.095229805367361
2022-12-11,3076155.6,7256651.0604,,,0.9973056292909589,1.1418226327597223
2022-12-12,2567801.2,5600398.34910718,,,1.2590609580295637,1.0362779029815972
2022-12-13,1826069.3,4019178.5293,,,1.573006864403431,1.2458963003868055
2022-12-14,1763792.5,3712490.51113463,1.2491734434603414,0.9768543983485147,1.5282898401869949,1.1815436509125001
2022-12-15,1683130.6,3601899.484,1.2073546870477496,0.9480971513340278,1.568715218944642,1.2871613259222223
2022-12-16,1598951.5,2906893.827,1.346069891052152,0.958495083396875,1.7172562040571837,1.175602227450347
2022-12-17,1523067.3,2840063.47246462,1.3283271563393677,0.9528607730024304,1.7207839388093649,1.445143321284375
2022-12-18,1454901.5,2695261.9590457,1.367350432846365,0.962588322,1.676142284706855,1.2614980695961806
2022-12-19,1440758.4,2587665.98403504,1.2977355091806733,0.9584459229892361,1.557791460020293,1.343954040353125
2022-12-20,1656511.8,3209529.91105282,1.1162867067345448,0.9440709366135417,1.4342974915999525,1.2098777755965278
2022-12-21,1774900.1,3488959.49991016,1.0942074985299752,0.9713424174291667,1.3204827102563799,1.2505413728878472
2022-12-22,1699796.1,3413190.5688,1.0894622741562232,0.9876139509038195,1.2538758948240607,1.3689401553836806
2022-12-23,3282297.5,6902671.6425,0.7882054161633933,0.9990573729416666,0.8339126256071171,1.2221469911711804
2022-12-24,2563274.4,5385439.5144,0.78498746037724,0.9979399651569444,0.800519612190031,1.225781598112847
2022-12-25,2432751.7,5136542.83532659,0.8058928101302247,0.9893937757840278,0.8455904559130274,1.2310006560878473
2022-12-26,2311628.5,5032415.2445,0.7127628596617743,1.0175341868656251,0.735008661793718,1.5197704890673611
2022-12-27,2181250.0,4659369.8481875,0.6483610717490647,0.9980316451031249,0.7209998981299416,1.2862910804677083
2022-12-28,2609021.4,5736443.11586963,0.6580725369745779,0.9822503666076388,0.7456255276977892,1.1661331992319444
2022-12-29,2437236.0,5381417.088,0.6930666637529244,0.9736567488274304,0.8360776762228276,1.2000831755677082
2022-12-30,2583199.4,5641707.4896,0.6102268881182401,0.9847240869229168,0.7310911448405029,1.2590406265472223
2022-12-31,3069004.0,6856154.936,0.6053518519232731,1.0035572070451388,0.6994485729387889,1.4079877026055554
2023-01-01,3228316.5,7095158.589068,0.5128082053574308,1.008786488648264,0.5918233060882909,1.5290320572944447
2023-01-02,2850838.9,5912639.8786,0.7969743929377296,0.9545596155944445,0.9791574652958341,0.9958241693239585
2023-01-03,2518595.8,5237288.89837457,1.0911090433143225,0.9496437888385417,1.2792023566233879,1.1986060060097221
2023-01-04,1985771.0,4331492.70088416,0.8682433186108978,0.9464043197322918,1.0735109351558245,1.4087906105920138
2023-01-05,1911161.6,4110115.75621024,0.8028543273220465,0.9798141318572916,0.9065878236478989,1.4801333167913195
2023-01-06,1851338.2,3873303.09683804,0.8789131879409955,0.9502625998420139,1.0329154151106583,1.2822920758368055
2023-01-07,1811881.9,3799349.21631354,0.9607237031001448,0.950062298829861,1.1984886920471196,1.2781335971875
2023-01-08,1845216.4,4053005.53345878,1.0497075765186803,0.9669070707576388,1.2431983445726544,1.5779068372430554
2023-01-09,1576807.8,3662124.19483303,0.8966031938382416,1.0016281552454862,0.9844708723479789,1.278475913359375
2023-01-10,1620480.4,3824333.744,0.9510396269057014,0.9861016024354166,1.0198983566424518,1.2350481598600693
2023-01-11,1650949.4,3984354.36197805,0.9669970329333614,0.9899324397902779,1.0697862917791339,1.2595116998756946
2023-01-12,1574885.8,3750793.53547962,1.0604576220828115,0.9809403199225694,1.2334704814904276,1.2209036582909722
2023-01-13,1668040.9,4288533.1539,1.088234450148728,0.9911625672083334,1.2597374071041605,1.219855359453125
2023-01-14,1478435.7,3956821.69039183,1.2474142346592814,0.9907134191899305,1.4078039711505985,1.0549025481996526
2023-01-15,1470055.6,3955919.6196,1.3938432107420022,0.9871621432215277,1.5168515100010218,1.108881653961111
2023-01-16,1384031.1,3704466.47387963,1.433117406074165,0.998205962398611,1.5093937378855804,1.0539003102590279
2023-01-17,1457449.1,3752909.78938087,1.287639813379213,1.001420671740278,1.3745252568223802,1.1253197624979165
2023-01-18,1213089.7,3001582.18727941,1.2680079281342247,0.9533956756381943,1.5599368546433219,1.02941685418125
2023-01-19,1788223.2,4809264.33702478,0.9797875515791701,0.9745818788253473,1.0630396039042722,1.0546207341024305
2023-01-20,1733845.8,5116321.70509865,0.765614771245968,1.0672836447496528,0.6180484963507737,1.2638942034027778
2023-01-21,1590171.9,4735558.82390855,0.9383331498453147,1.036105999915625,0.7990176236026322,1.1091751448420137
2023-01-22,1409447.2,4257844.07831804,1.0014562337308237,1.0353043624868055,0.9061743214332343,1.285082536600347
2023-01-23,1352567.8,4142915.1714,1.1157510757308111,1.0035777461364583,1.0092923453962332,1.0391729049413043
2023-01-24,1206737.1,3474196.1109,1.065949214763795,1.0196093805881943,0.9374468250736536,1.104562651461111
2023-01-25,1179230.0,3445817.2873839,1.1093387430656938,1.0075881905548612,1.1220045342778642,1.17435764974375
2023-01-26,1190387.4,3568781.4252,1.1835973613830713,1.009076618048611,1.2285064179176763,1.1880268377454861
2023-01-27,1210538.6,3663888.40801981,1.226697533732518,1.019261307726389,1.2720557623787299,1.1745506720118055
2023-01-28,1177315.2,3455420.112,1.3899642643787171,1.029502503544097,1.4087898722516146,1.3995962922958334
2023-01-29,1211664.8,3681037.6624,1.3288703256459753,0.9928377260913194,1.4882910128590838,1.127924939973264
2023-01-30,1534051.7,4717756.61861638,1.256525403372881,1.0208796410777778,1.2403250551974407,1.114244264871875
2023-01-31,1512107.8,4847817.6068,1.077328248589554,0.9826669159065973,1.0763074963544186,1.1141206053621526
2023-02-01,1364866.0,4209045.67194088,1.3309334709941671,0.9756573109445993,1.320507889033139,1.1512187872677082
2023-02-02,1210331.2,3751350.36271882,1.3571834878590292,0.9949578232312501,1.3715214155668292,1.0108922954520834
2023-02-03,1116561.9,3503740.84938508,1.45329480633133,0.9583883355704861,1.5519169516135451,1.105904626476736
2023-02-04,1097559.0,3400237.782,1.4528663649143367,0.9945346858684027,1.524923928087836,1.2420453497958333
2023-02-05,1008890.5,2939210.75228829,1.4398602303484875,0.9876836740927083,1.5506886364562504,1.1621560651548613
2023-02-06,951168.0,2733875.72429184,1.4040812333971597,0.9812833863371527,1.6067612101393156,1.0984772845881945
2023-02-07,1118626.3,3433355.89718409,1.4355515970789483,0.97707805530625,1.6278794933986043,1.2721600678489584
2023-02-08,1106126.5,3280707.9285642,1.7055943098084014,0.9953767303875001,1.906569317224208,1.2371087498190974
2023-02-09,986957.0,2663624.21565543,1.6413074195111284,0.9895712188739583,1.7971888662803097,1.0228302058215277
2023-02-10,1057835.5,3000021.478,1.4959481337946512,0.9497520949861111,1.597112075465924,1.0770346972864584
2023-02-11,1124489.4,3192496.11449347,1.4472929684314255,0.9311528896295138,1.5046129936986121,1.191786049212847
2023-02-12,1185543.1,3244831.4647,1.7213993228668825,0.9348441929197916,1.8054277287631808,1.256349705342361
2023-02-13,950581.3,2580828.2295,1.8294305664427415,0.9304548011555553,1.9998112346041614,1.020163415514236
2023-02-14,925870.5,2596292.9099361,1.5773297773629222,0.9282899935510416,1.7238576834946393,1.1969947664659724
2023-02-15,1107799.3,3288507.6059546,1.5948159703142606,0.9459478554795139,1.7637684273870196,1.274005450370139
2023-02-16,967268.8,2697712.6832,1.771895704891986,0.9509887098604166,1.8300439095202594,1.1063453934267362
2023-02-17,1080125.7,3288931.59094559,1.6692970080662712,0.9531614675166666,1.8734727839661243,1.1292779162305555
2023-02-18,919186.3,2770047.75557202,1.6302447897366357,0.9601601216670138,1.6374371559229388,1.0636725254302084
2023-02-19,971303.0,2958068.58184381,1.609280742644152,0.9872539982763888,1.6640294743876411,1.2045575580822916
2023-02-20,981847.9,3032317.46352468,1.5429106261830003,0.9707819701211806,1.6014069825111032,1.289653520379514
2023-02-21,968362.5,2840314.13908725,1.666515266017483,0.9855725138163195,1.8249383192224178,1.3703937446073169
2023-02-22,894609.5,2645335.36767933,1.5320875430047174,0.9572909004493056,1.7994774914210643,1.0913773593559029
2023-02-23,921983.5,2753042.731,1.4256986779832355,0.9693531852305554,1.5972345559291024,1.2244306783493055
2023-02-24,850305.3,2437277.79202038,1.4784557910345284,0.9623177046774304,1.623956139008972,1.1083176911993056
2023-02-25,880438.4,2506844.51370602,1.3095864491968081,0.9568760536920138,1.4678863423832813,1.1101305702368056
2023-02-26,917628.3,2574389.15529247,1.3868857288502643,0.9571601006510417,1.6175229262231317,1.304858905788889
2023-02-27,1008830.2,2701647.2756,1.5057813243664084,0.9153199189892361,1.9966018025250283,1.1132734809871527
2023-02-28,941318.9,2507954.82510051,1.4668039753947708,0.9079673717690971,1.95574697753918,1.1312172666055555
2023-03-01,977177.2,2675511.1736,1.650342215292795,0.8921176162225694,2.0988933364254794,1.23413970259375
2023-03-02,1047436.1,2787227.4621,1.8006085620463241,0.9170464316315972,2.2153385768175795,1.2168987947409722
2023-03-03,1032967.2,2549595.00238476,1.697479474335211,0.9431804955111112,1.9941298715513236,1.2047326021166667
2023-03-04,1097021.8,2634339.70603731,1.488676955315907,0.9033907783750001,1.7449990060859872,1.710213739011111
2023-03-05,1125833.4,2653178.24825066,1.5833391701486363,0.8947322105413195,1.861673138505002,1.5400602314847225
2023-03-06,1129527.2,2703086.27135469,1.6818154863073558,0.8768410329812499,1.991210758071666,1.140144250557639
2023-03-07,1149636.6,2727153.72151526,1.7289500354762122,0.89366791974375,2.008024737369711,1.2901619758805556
2023-03-08,1140351.5,2482545.2155,1.729940329417739,0.8981242205892362,1.9081897749802255,1.18680876823125
2023-03-09,1011258.2,2070549.47569881,1.4793966323566328,0.8956665295989583,1.6335329491170871,1.1749914930565972
2023-03-10,916365.3,1903290.7281,1.33069067008248,0.9064209040201389,1.4969921337524357,1.1135886876118055
2023-03-11,910897.8,1928370.6426,1.392020026347094,0.9182936045753473,1.500772915962129,1.1613884097934029
2023-03-12,1006226.1,2339937.9528326,1.2361308543862175,0.9456606041520834,1.2714298262464327,1.1672406997975695
2023-03-13,867011.2,2057344.42786506,1.4199292269097221,0.9305196022916667,1.3996253246875,1.1383816093402777
2023-03-14,836405.3,2008664.43925316,1.4405065750457107,0.9066768710222222,1.5084003713236296,1.0955392214524307
2023-03-15,872992.2,2000025.1302,1.4702322649468829,0.9226248689503473,1.55238266237512,1.1387120873347223
2023-03-16,848146.6,1988907.26288253,1.3152299166160661,0.9443909831586806,1.2698213444587596,1.2228855403243055
2023-03-17,892506.9,2208089.13140921,1.40010212299642,0.932146606019097,1.2862630043559664,1.2110170081569445
2023-03-18,871561.9,2065404.85202927,1.5795167873388154,0.9071317923409722,1.6238223481513239,1.079437042962847
2023-03-19,923929.8,2252920.37504395,1.5742719681535253,0.8890491035114584,1.696617553346422,1.1344302238152777
2023-03-20,895197.5,2100669.18231955,1.6867720826936632,0.9140247851170139,1.8623890607704807,1.1508666544965278
2023-03-21,922033.2,2203014.51486125,1.4707041324157022,0.9069032558989585,1.5962254243517187,1.1805972964652778
2023-03-22,861907.2,1991140.22742835,1.4792378301449227,0.909553859046875,1.5867965466470693,1.3164840535305555
2023-03-23,952256.4,2327167.00376774,1.450121356123794,0.9048710073895833,1.5914846378916703,1.3278082891166667
2023-03-24,984782.3,2360711.2665193,1.631730752167557,0.9119539648013889,1.7136326482800492,1.0856211763166668
2023-03-25,967212.7,2244255.5458291,1.6647570015377164,0.9190560882468751,1.7364509300846074,1.2477650482041667
2023-03-26,959100.1,2289371.9387,1.4150856616703231,0.9063217744121528,1.5067386646189969,1.4148008128861111
2023-03-27,1036843.9,2299348.82892634,1.4854256460174957,0.940463250917014,1.5618595956841221,1.2247079077645833
2023-03-28,982244.5,2246230.71808215,1.4294470774534727,0.931811300513889,1.5672935202484284,1.1724675231065973
2023-03-29,1032052.3,2558457.6517,1.3404444735629062,0.9670085539381945,1.3880927280193334,1.517886346378125
2023-03-30,1062312.2,2633471.9438,1.34607540947208,0.9867053979996526,1.266668813379231,1.2396177118708336
2023-03-31,990883.7,2530716.9698,1.3160120250755472,0.9751901448552083,1.2179267032061931,1.2791909012260416
2023-04-01,910342.1,2315910.3024,1.4055665009231098,0.9658410400347223,1.3840032508076576,1.4495983016951388
2023-04-02,957092.1,2451317.89636966,1.3850708930486215,1.036375038090625,1.3384687585728035,1.5235351602972222
2023-04-03,992111.6,2575521.7136,1.4381994942739273,1.0016249436618057,1.3756494681269407,1.239344006373264
2023-04-04,1063141.4,2870481.78,1.2426970696770723,1.0134637587791668,1.2898649175104027,1.1616941039625002
2023-04-05,981855.6,2742322.6908,1.271314594186829,1.0415606887128472,1.2717406869727224,1.2237981486322917
2023-04-06,1777946.1,5228939.4801,1.1975322855980712,0.9752458289593748,1.1701573088430939,1.1458826449694444
2023-04-07,2428872.5,7280288.90268018,0.7974400373424331,0.9884905454409724,0.7546541395123637,1.0409682576177082
2023-04-08,2549700.8,8128446.1504,0.6935023643477662,1.0020874370840278,0.6948021844994481,1.1198659281777776
2023-04-09,1691286.2,5312697.50451698,0.6414274618557552,1.0373252211788193,0.5661983930556865,1.27408007779375
2023-04-10,1491574.7,4637090.46332355,0.7906204364490104,1.0372764889093748,0.6905903891052321,1.28954452648125
2023-04-11,2031253.6,6689849.92207646,0.8077398207775529,1.0339286170881943,0.745311962110454,1.1146913573829862
2023-04-12,1612114.0,5306705.48712682,0.7292762702010288,0.9944118059482641,0.6640513111485944,1.1248038889489582
2023-04-13,2292855.2,8276564.30954482,0.6187984238989716,1.0050268430572917,0.5972086012639404,1.072454056376736
2023-04-14,1820363.9,6638867.1433,0.5863871820225969,1.0552550919100696,0.5467240025280767,1.1847122851833332
2023-04-15,1510962.6,5383559.7438,0.6996076500289278,1.0393438228385419,0.7035000478625281,1.1587547848979167
2023-04-16,1309814.5,4615722.68030974,0.8144863918913201,1.0054774699277778,0.8191812790007008,1.3148183046302084
2023-04-17,1399311.4,5084079.34869422,0.9326267801900935,1.0074503896072917,0.9369050105780362,1.1645677048795138
2023-04-18,1512824.9,5803040.58620479,0.8308449453962664,0.9993209726902776,0.8601337294847945,1.0826620898107637
2023-04-19,1569074.7,5650237.9947,0.854888891643075,1.0180061131142362,0.8624961565887991,1.0705589539395834
2023-04-20,1614047.3,5576671.27727989,0.769575634543941,1.0672318671368055,0.8085327080926331,1.0854487048989583
2023-04-21,1429778.7,4683808.94071022,0.8510993120063084,1.0441805377118056,0.8367107754054497,1.1782410161236112
2023-04-22,1245881.3,4118883.5778,0.7857290413996773,1.055514067529861,0.7762964116020681,1.4026510928965277
2023-04-23,1374813.9,4525887.3588,0.7598269343556618,1.0476088183756944,0.7777387905093182,1.129311162725
2023-04-24,1364943.0,4280528.41684503,0.9420174229013997,1.0111460458614583,0.9552258822212605,1.0897692181958334
2023-04-25,1380745.1,4537552.9362959,0.9915674730964736,0.9816475300201388,1.0492122881903492,1.092483515005903
2023-04-26,1322581.1,4301033.7372,0.9213370772416967,0.9938601734281249,1.0216926609111086,1.1279826241298612
2023-04-27,1118351.8,3723440.30398371,0.9530919042373571,0.9122740630930556,1.0094455594470988,1.0597189511309029
2023-04-28,999438.9,3268911.43405469,0.9402152945320476,0.9490236608326388,0.9890423352965131,1.0956398202614581
2023-04-29,1009473.5,3353852.7195935,0.9843084642079675,0.937207936589236,1.0978071140879613,1.1929112504166666
2023-04-30,1005799.5,3278677.51038177,1.0694902580378514,0.9295542883472222,1.1203485307632153,1.1027916070850172
2023-05-01,1085085.8,3346771.22513925,1.1454011870940837,0.9244475584072916,1.237805744044912,1.2445337504555556
2023-05-02,1166289.1,3584599.73055384,1.0881726366623552,0.8942468160295137,1.276013383256355,1.1218962036927083
2023-05-03,1422240.8,4144757.94108229,1.2002703861808612,0.8954485468354166,1.3783863367106965,1.300335327365625
2023-05-04,1545916.1,4438325.1231,1.2390884098697659,0.8166645835652777,1.56872398383992,1.034139149378125
2023-05-05,1776709.8,5405415.54116132,0.7975735271519497,0.7848490774847223,0.8954645607575927,1.0714957876833333
2023-05-06,1403612.7,4170442.4914333,0.7491371370218732,0.7720258430458333,0.7503060550847919,1.1826178207482638
2023-05-07,1297997.7,3888386.02251552,0.8193218529248419,0.6908362315840278,0.8926679612868677,1.28271981206875
2023-05-08,1090564.0,3024469.54944844,0.9705041624115821,0.788738143238889,1.028314357347484,1.1330470438909723
2023-05-09,1476708.9,4250363.36673455,0.8586854390040243,0.9935284422423611,0.9274466608362764,1.1716376591666666
2023-05-10,2273562.0,7477745.418,0.7906142892120004,1.1617199964131946,0.8183053688672552,1.136522437321875
2023-05-11,2170276.9,6552592.75241194,0.48282607469643274,1.1293319240361113,0.44082885767200647,1.0674606267739584
2023-05-12,1765762.9,5639846.7026,0.6149172290390243,0.9981713347520831,0.6834361901415859,1.1197850303065973
2023-05-13,1738156.5,5384808.837,0.7193541945654047,1.0291492789104166,0.8034850248213465,1.1510446970343748
2023-05-14,1601144.3,4970219.17020656,0.8381535741380943,1.011265349351736,0.9686391560854951,1.0863017449430556
2023-05-15,1654616.5,5332828.9795,0.8568483265978267,0.9550980525732639,1.0195795487528194,1.0966056014815972
2023-05-16,1662871.6,5407589.89963265,0.7906778293096993,0.9946544455364583,0.917892718728947,1.1395921905708333
2023-05-17,1669711.8,5418060.10889885,0.7711594363480029,1.0379563608555555,0.8794111396646909,1.0926920414788195
2023-05-18,1542785.3,4912228.3952,0.8809172883599972,1.01238155945625,1.0142120065403342,1.0811959181027777
2023-05-19,1850901.4,6218383.10959168,0.8040480526606826,0.9511667249725695,0.9094253251643735,1.2956250459163194
2023-05-20,2676900.0,9175371.778824,0.5158815541733865,0.9721862748309028,0.4910214389761756,1.1258340192159721
2023-05-21,2632273.8,9045261.00590853,0.391910341909347,1.0031454859329862,0.33416066523585847,1.2078000304680556
2023-05-22,2434303.1,8572463.50860096,0.46859614673394145,1.0463946904986112,0.4103205625019638,1.0550259039902778
2023-05-23,2517043.4,9211047.07633706,0.481820491537192,1.0278400108208332,0.4448833889554275,1.2352124432270832
2023-05-24,2123375.5,7571957.033,0.5468283684015358,0.9550849065173611,0.509348423113757,1.210414060320139
2023-05-25,2247672.5,7880339.785,0.5414529046863062,0.82709167608125,0.5332474351788107,1.1117053838131943
2023-05-26,1991712.0,6680953.14251232,0.6764726951509048,0.8148924752652777,0.6941689161144071,1.0949404383805554
2023-05-27,1951493.9,6791198.772,0.6249652905151568,0.8314633738229167,0.7195600871205206,1.1853619012190972
2023-05-28,1622435.2,5751532.784,0.6314925083727047,0.8265266579,0.678743275602781,1.29394414986875
2023-05-29,1854152.6,6652699.5288,0.7048865619702577,0.8568502421493055,0.718056206448607,1.1213553238812501
2023-05-30,1442249.5,5144503.9665,0.8380062265987953,0.8824197299677083,0.83285949952788,1.0940559591194445
2023-05-31,1424510.6,5003164.57660345,0.8427591445753478,0.9069994388468751,0.8801484120926237,1.1776761144527776
2023-06-01,1517502.4,5422957.33573202,0.7963598201210823,0.9283080817125001,0.8596622717673535,1.201913014654514
2023-06-02,1420009.4,5053178.52579698,0.8577518160027905,0.8973486981690972,0.942104332119691,1.376454146599653
2023-06-03,1374991.3,4901850.06196155,0.9051546171010602,0.8710385819413194,0.9902165404339702,1.268095983853125
2023-06-04,1658887.8,5899005.0168,0.8076224471440026,0.9095281235427084,0.8246610677926848,1.0695278888965278
2023-06-05,1328435.2,4434142.26077389,0.9101677657405014,0.8548569931750001,1.0137314117954626,1.110522461442014
2023-06-06,1274449.5,4552333.614,0.8467916681378276,0.8446496309215278,0.969672367307557,1.3225053364170138
2023-06-07,1281850.1,4299871.82910114,0.8653740982137215,0.9130253243829861,0.890920751412824,1.1117233305159724
2023-06-08,1271903.9,4296530.99400649,0.8632197012117773,0.9137550981107638,0.9419250013333187,1.1813646042381944
2023-06-09,1248656.2,4225118.71510524,0.840085516652586,0.9456749077260417,0.8823342592974475,1.2854191870152778
2023-06-10,1231339.5,3809527.28163909,0.835599526959364,0.9248368470114584,0.9092165229123782,1.1307207227843752
2023-06-11,1335580.7,4197898.30306594,0.8353580668146514,0.9020178150288195,0.9384908236103198,1.124759271139236
2023-06-12,1175528.8,3592417.85838022,0.8798310699490618,0.8550284287357639,0.9041666086972167,1.2373439519121527
2023-06-13,1259652.4,3792769.07442509,0.9367054586073217,0.7718861293694445,1.0070721281835076,1.2324721760093749
2023-06-14,1176946.0,3517548.85555534,0.8683583263537928,0.7675742666986112,0.9497136977911411,1.299446800745486
2023-06-15,1890944.8,6208861.63811343,0.7464116872283219,0.8392538698138888,0.7918492754816874,1.1347777751944446
2023-06-16,2223692.7,7638384.4245,0.4975925816109691,0.9706292359822916,0.47587307950823665,1.1531330967625
2023-06-17,3771656.0,14212968.99456112,0.451428920493923,1.0062895430493055,0.41342912024823,1.1904808064069445
2023-06-18,4133274.6,15607244.8896,0.4038104023881185,1.0347695160128472,0.3737258449699313,1.1264453249961806
2023-06-19,4213661.0,16694524.882,0.4221852681540504,1.0191549287954862,0.40532527347259983,1.151691060836111
2023-06-20,4534305.1,19697021.3544,0.41558289305289364,0.9802616185059028,0.4146942990294556,1.0979223348065972
2023-06-21,3129970.5,14090451.33646994,0.4146936287489063,1.0020547679628473,0.414742298598671,1.1761201304829862
2023-06-22,2806879.3,12036615.37151081,0.4064599095185787,1.0351272685031252,0.3869124354850253,1.0736669572322919
2023-06-23,2508388.9,10791089.0478,0.396997542982368,1.0553964805444445,0.40359661083415094,1.0703017123833334
2023-06-24,2078129.9,8541113.889,0.43806016580797746,1.0513899040038193,0.4565077295323046,1.1605018692472222
2023-06-25,1845463.1,7470434.6288,0.5351773791683667,1.0346527410829862,0.5574407071953346,1.2389474454482639
2023-06-26,1575399.5,6277199.09476772,0.5431013600151828,1.0374911448843749,0.5787294864790609,1.1586561591715276
2023-06-27,1513426.7,6034032.2529,0.6154950212084811,1.0729454364989583,0.6878136323680306,1.1136314001916667
2023-06-28,1596740.0,6200141.42,0.6400509199440693,1.0575719564805555,0.7339991607381067,1.0538763076711806
2023-06-29,1386914.2,5444438.15163399,0.6368993008067417,1.0502955349472223,0.7152754806455162,1.201945725439236
2023-06-30,1368027.2,5488229.76932752,0.7173664349689963,1.0979152030489583,0.7694032787155538,1.122044187620139
2023-07-01,1553551.5,6357132.738,0.7712442394409883,1.147859227902778,0.8201584373565736,1.1341731190041666
2023-07-02,1549549.5,6153701.83385528,0.8360598977235099,1.128447515609375,0.9027143040984057,1.0865618095246528
2023-07-03,1438043.9,5939121.307,0.8143703664686972,1.0871929353010417,0.8714387962786417,1.1229074408038195
2023-07-04,1503666.1,6283834.24007821,0.779134337861506,1.0276172852420138,0.8141854853172839,1.0936858457836807
2023-07-05,1675204.9,6970527.5889,0.7517268465910099,0.9588645214576389,0.805529239983811,1.0740518795114584
2023-07-06,1885761.6,7763058.77160048,0.7050484957256355,0.8958262461131944,0.7844013238734536,1.0293032712374999
2023-07-07,1532618.9,6154417.71267013,0.6921519827304993,0.983449076717361,0.7886122671681272,1.0171939344621528
2023-07-08,1490093.0,6026469.00886052,0.6262463647533402,0.987394951436111,0.7712494535255918,1.1093097335347222
2023-07-09,1503170.5,5989674.11156608,0.6575600818455055,1.0346709337274307,0.7451088318148018,1.2914647903409722
2023-07-10,1411748.5,5696317.83850282,0.6745640461458334,1.0660840694791665,0.7408245857986111,1.060842326875
2023-07-11,1267169.3,5189272.34640985,0.6995083823611111,1.1053087198263887,0.7710107523958334,1.0733477703819443
2023-07-12,1217053.3,4964360.4107,0.7162416493402778,1.1295243569791669,0.7832365876388889,1.2010625583333332
2023-07-13,1285827.2,5503258.6759649,0.7291765596875001,1.1197124503819444,0.7893624121180556,1.1766005475
2023-07-14,1299654.2,5462446.6026,0.7462149475694445,1.082174723923611,0.7718817219097223,1.0440784286805556
2023-07-15,1308497.0,5592516.178,0.7195910237847222,1.0042057604861112,0.7470136219097222,1.1291310999652777
2023-07-16,1295269.3,5440075.07846085,0.683480588125,0.9881879459375001,0.6843550998611111,1.1546874577430555
2023-07-17,1464735.2,6383316.0016,0.6187287859375,0.983191685659722,0.6557728063541667,1.091557326875
2023-07-18,1517004.9,6113586.83189439,0.7575722230902778,0.9307874076041666,0.9145891664930557,1.0352073477777777
2023-07-19,1377226.0,5614950.402,0.8631359920486111,0.8692968972916667,1.1607517912152778,1.0738538283333332
2023-07-20,1222877.4,5117279.42676732,0.6844586040972223,0.9241763275347223,0.8051336803819444,1.0998100276736111
2023-07-21,1197925.0,5054796.30261825,0.704921847326389,0.9743822842708334,0.7612048824305556,1.1928118650694446
2023-07-22,1232714.8,5165075.012,0.6936735946180556,0.9938342458680557,0.7262276322916666,1.3532626438888888
2023-07-23,1277200.6,5191820.439,0.7976024019791667,0.988749071076389,0.830984406111111,1.2454101770138888
2023-07-24,1231990.2,5000648.2218,0.886533108263889,0.9522568320138889,1.0025433552083334,1.0133356826041668
2023-07-25,1573014.5,6417899.16,0.6360409004861111,0.9550187427430556,0.6560952800694445,1.141702147361111
2023-07-26,1354561.8,5437477.65650786,0.6729776844791666,0.9450997260416667,0.7874408853819445,1.1759737212847223
2023-07-27,1373056.3,5754478.9533,0.6360933484375,0.974816205173611,0.7215314272569445,1.1878444159722223
2023-07-28,1517523.3,6429746.2221,0.5190035062152778,1.0696976716666666,0.5155996527777779,1.1142340371875
2023-07-29,1421273.4,6179960.58839398,0.522993598125,1.1028957596875,0.5018496105555555,1.1896420925694444
2023-07-30,1416111.7,6156894.70144517,0.5227494409375001,1.1017860072569445,0.5000454292361112,1.2556385975
2023-07-31,1503058.7,6634501.1018,0.5442577451041667,1.0928511690624998,0.5215698798263888,1.21874063375
2023-08-01,1805942.2,8088815.1138,0.4699800990277778,1.0660509545833332,0.4665325164236111,1.1317263589930555
2023-08-02,1596384.7,7079966.1445,0.5284819231597222,1.0647746248611112,0.5744505641319444,1.0793548883333335
2023-08-03,1549349.5,6494873.104,0.5968512475694445,1.0450836243750001,0.6293797066666666,1.1516640844444443
2023-08-04,2219907.8,8846332.583,1.1183124972916667,0.921396771076389,1.5981524606597222,1.0617256924305556
2023-08-05,1527867.9,6299399.3517,0.9776231682291667,0.8801109072916666,1.508533226909722,1.1795881755555557
2023-08-06,1322930.2,5544400.4682,0.7806236903125,0.8715117197916666,1.0752985045486112,1.2971987921875001
2023-08-07,1365217.9,5870436.97,0.6318715630555556,0.9349055905208333,0.7721549647222222,1.2206337495138888
2023-08-08,1294460.2,5634976.817765,0.6744576325347222,1.010499950763889,0.7429941351388889,1.2043473550000001
2023-08-09,1346590.1,5950878.34609673,0.5818059212543555,1.0134531395470383,0.6263531251219512,1.2369049380208332
2023-08-10,1447103.8,6482656.63478563,0.5683375048263889,1.0017012627083333,0.5980270593055557,1.2799147555902777
2023-08-11,1557020.3,6502180.22137723,0.5237602917708333,1.0187984452430556,0.5251743773958333,1.1619270802430555
2023-08-12,1726513.4,7299698.6552,0.8241639224305556,0.9644268064236111,1.033371102951389,1.118706455659722
2023-08-13,1734877.1,7616110.469,0.5654200430555556,1.0059748171180556,0.6668199098611112,1.1691816919791664
2023-08-14,1536378.8,6720120.8712,0.5697868795486111,1.0884752512847224,0.6311429978125,1.1946135801388889
2023-08-15,1439708.6,6039568.49243873,0.8189117134027778,1.0786182823263888,0.9719197099305555,1.1959837973958334
2023-08-16,1331420.0,5611935.3,0.8650551219791667,1.1378079157291667,1.0597650174305555,1.112879372638889
2023-08-17,1585388.4,6687846.07230265,0.7066161318749999,1.0991386916319446,0.8460156551388889,1.1068070064583333
2023-08-18,1454804.7,6024652.63002177,0.6921426824652778,0.9549081427083332,0.802154722326389,1.0656278613541668
2023-08-19,2008474.0,8915616.086,0.5263232517013888,1.0657706371527778,0.5461198961805556,1.157306155625
2023-08-20,1982400.3,8641282.9077,0.49376270833333336,1.1250669805555558,0.4870590796875,1.1961072404166668
2023-08-21,1443255.4,6143938.2378,0.7061636361458333,1.1993819939930555,0.7791270368055555,1.1020126282291667
2023-08-22,1509114.2,6400153.3222,0.698098416875,1.2038272314930556,0.7299154927777778,1.1305906440972224
2023-08-23,1550413.0,6468323.036,0.8914239460069445,1.1102336821180556,1.0206518756597223,1.079118127986111
2023-08-24,1414314.6,5961152.64482582,0.8523538019791667,1.0855258037152777,1.0262198502430557,1.1427301673263888
2023-08-25,1441252.9,6135413.5953,0.8057682584375,1.1059760583680556,0.9416270931250001,1.211514063923611
2023-08-26,1384588.1,5777332.95681641,0.8539693710763889,1.1098016935069444,0.9566322794444445,1.3801070784561402
2023-08-27,1287394.9,5547368.13257133,0.8609717085763889,1.1139619870138888,0.9714552869791668,1.3687512205555556
2023-08-28,1299023.6,5335526.5789929,0.9764681399305554,1.1012795339930557,1.095038816215278,1.1322979946875
2023-08-29,1197201.0,5049793.818,0.9621273862152778,1.092074306701389,1.1090720806944445,1.2472792550694445
2023-08-30,1199741.2,5095300.8764,0.7703048988194444,1.081504838576389,0.8715168596180555,1.1488577686458334
2023-08-31,1147933.9,4903973.6208,0.6739010855555556,1.0391200855208333,0.7443821085069444,1.3166988703125
2023-09-01,1085606.4,4660193.19965453,0.7662576201388889,1.0572340222222225,0.7986392504513888,1.3534643375347222
2023-09-02,1074004.8,4560264.96744139,0.8781328675000002,1.0973625778472222,0.9042942997569443,1.2425122540277778
2023-09-03,1118010.6,4814153.6436,0.8992470522222222,1.0771535925,0.9666784887152777,1.1632174027777777
2023-09-04,1227528.1,5271005.6614,0.8090316338888888,1.0825226778472221,0.8583711197569445,1.4915744015624999
2023-09-05,1200440.4,5164294.6008,0.9625694285069445,1.0789043443055555,1.043837227986111,1.18681072625
2023-09-06,1146329.9,4941828.1989,0.9660245611805556,1.0726189197569445,1.0136686338888887,1.194081572638889
2023-09-07,1157557.6,5110321.0480332,0.9398801459722222,1.0380980967708335,0.9980814506597222,1.3899369468055556
2023-09-08,1152600.4,5006996.990135,0.9698208642361111,1.0013458392361112,1.0021423134722223,1.1940833859375002
2023-09-09,1203037.2,5181481.2204,0.9840574739236112,0.9923456159722223,0.972689677673611,1.5497845252430555
2023-09-10,1153511.4,4950440.1730379,0.9643342903472222,0.9936330472222222,0.9993391405208334,1.0687830045833333
2023-09-11,1231362.3,5092914.4728,1.0137754497222222,1.003017629965278,1.032612930625,1.1452856506249998
2023-09-12,1154653.3,4820677.5275,1.0243996295438595,0.9828797164561405,1.1252118180000001,1.362588659614035
2023-09-13,1155831.0,4785539.29818627,1.0995087479513888,0.9853028479513889,1.2733997622569444,1.2728869368055555
2023-09-14,1153654.3,4710370.5069,1.1248317314583334,0.9654994593055556,1.1821790188194443,1.3090431836111114
2023-09-15,1164657.6,4933172.34086976,1.116673279409722,0.9404433996180556,1.116435116770833,1.455756059409722
2023-09-16,1197446.9,5162200.60293883,0.9867696251388889,0.9343829088541666,0.8488077429861112,1.4439345708333333
2023-09-17,1205693.5,5182273.14716639,0.970907999548611,0.930694489236111,0.8944904505555556,2.301519417222222
2023-09-18,1122748.2,4839203.63332526,0.9377517694444444,0.9313230078472221,0.9336754253125,1.246805278263889
2023-09-19,1137638.3,5010428.93238114,0.8644638533333333,0.9538560538541666,0.7917188516319444,1.2722076648611111
2023-09-20,1252635.7,5509091.8086,0.8363496402777777,0.9990219474305556,0.7396750078472222,1.2909866137847221
2023-09-21,1238519.6,5393045.40321928,0.912436251388889,1.0599232400347223,0.8326304596875,1.7446289751736108
2023-09-22,1364847.5,6231401.16613115,0.9512371434027777,1.076254218715278,0.9003992877430554,2.6432175755902776
2023-09-23,1418848.6,6701602.04733994,0.7461753377430556,1.1100110379166666,0.6881595723611111,1.128467966840278
2023-09-24,1627466.8,7842796.42560811,0.5321135974652778,1.0780333494791665,0.4931092494791667,1.1192181976736113
2023-09-25,1741255.7,8515203.75596688,0.4893133201041666,1.0246007202430554,0.4327917229166667,1.1864014239583334
2023-09-26,1583732.4,7877443.52716042,0.4877286666319444,1.0246705661458333,0.43361467184027774,1.334975288298611
2023-09-27,1481565.1,7340698.25953272,0.5341572994097222,1.0143138784374999,0.4573548345138889,1.31857640125
2023-09-28,1469743.3,7476584.1671,0.5718477388541666,1.0022799788541665,0.4991920336111111,1.2704350118055556
2023-09-29,1441282.5,7307302.275,0.5943937894791667,1.0280917377430556,0.5214464963888888,1.3350451203125
2023-09-30,1427072.8,7263269.82362568,0.6154776643055555,1.0481114523958333,0.5371685544097222,1.2720087031944445
2023-10-01,1455051.0,7494444.07179663,0.6619728914236112,1.0625250905555557,0.5784087025694444,1.5766500936458334
2023-10-02,1366786.1,6783359.4143,0.7019442774652778,1.0943300693055555,0.6255339265625,1.2768874875694443
2023-10-03,1339758.9,6566394.07268328,0.6799824833333333,1.1218282620833333,0.6215581227083332,1.287695472638889
2023-10-04,1309969.2,6428018.8644,0.740167490763889,1.14711000125,0.6839849772916666,1.2578420532986112
2023-10-05,1229780.7,5884477.00081714,0.7788104703125001,1.1471701084027777,0.7287315868402778,1.3788895269791666
2023-10-06,1211203.6,5851324.5916,0.7859365324305556,1.1532207816666666,0.744756319201389,1.498781499861111
2023-10-07,1191397.5,5704407.54858173,0.8563360866319445,1.1539469014583335,0.7882550044444445,1.7805240604166666
2023-10-08,1141559.2,5483494.61728789,0.8781821403819444,1.1529504010763891,0.8273775104861111,1.5601421651736112
2023-10-09,1119847.4,5179403.69008335,0.9562767174652778,1.1352179352777778,0.9212470347222224,1.5600959887152779
2023-10-10,1107950.6,5156298.28850829,0.9773658619444446,1.1171999045833332,0.9513993491666667,1.5038524302430556
2023-10-11,1135683.7,5234366.1733,0.9905384803125001,1.1280427430208333,0.9906548054166667,1.4795978880555556
2023-10-12,1108210.5,5131014.615,1.0333597050694445,1.1250173163541666,1.0124328308333332,1.3576920118055555
2023-10-13,1121473.1,5113917.336,1.068676375590278,1.1442428019791666,1.0345534573611108,1.559678732534722
2023-10-14,1092459.8,4979436.47690174,1.0669261834375001,1.1496698263541667,1.0302366381249999,2.667265552465278
2023-10-15,1065051.7,4893339.89385143,1.0995681502083334,1.1503299587847222,1.0654678985416668,3.521712082013889
2023-10-16,1061318.0,4959635.84865432,1.2100670033333334,1.1418294534027777,1.1831453278125,1.561041813090278
2023-10-17,1057207.4,4852655.81193689,1.1501244592013888,1.1237297877430557,1.140561414826389,1.6391468066319446
2023-10-18,1037008.6,4729796.2246,1.0413314094097221,1.1071123253472224,1.0355491585069443,1.3085451688541667
2023-10-19,1030273.1,4721768.48682245,1.00611601,1.1211192851736111,1.014714388263889,1.2076203171875
2023-10-20,1097134.5,5201385.68536818,1.0404022644444444,1.149392599513889,0.8919465705555556,1.808440670173611
2023-10-21,1098581.0,5305640.41035017,1.0943107855902778,1.126723052013889,0.9311031123611113,1.6401848606597218
2023-10-22,1109233.4,5469537.13021076,1.1283055777777777,1.2185892042361113,0.9402713536111109,1.471797091701389
2023-10-23,1192863.6,5937068.6891384,1.1735449751736111,1.2418200489930555,0.9778422365624999,1.3961681909722223
2023-10-24,1140358.2,5731555.44376387,1.3001214463888888,1.3074810737152778,1.1138154805902778,1.1421383847916666
2023-10-25,1130255.3,5574419.1396,1.4293487180208333,1.2397068115277778,1.2420776912152778,1.1466449085416666
2023-10-26,1179068.1,5638987.08923348,1.4457060854513888,1.2059356201388889,1.30365064875,1.1244236286111111
2023-10-27,1173191.1,5667970.45657162,1.3264439136458333,1.2178471873958334,1.3043059199652778,1.3741594956944445
2023-10-28,1187844.8,5862387.3444715,1.3224513342013888,1.171918481111111,1.3041946228125,1.3338969911805556
2023-10-29,1201883.4,5853556.32800998,1.4730600213888887,1.2222677613888888,1.405545833923611,1.7532446678745646
2023-10-30,1210387.0,5793847.09702267,1.4519458932986111,1.2468189335416666,1.3891188071527776,1.594330076423611
2023-10-31,1189953.7,5758185.9543,1.4760696835069445,1.2449820225,1.587181642986111,1.1752037327777778
2023-11-01,1169760.0,5740012.32,1.3959822135416668,1.3182374164583335,1.3702267256597223,1.1084801012152778
2023-11-02,1281700.7,5825329.6815,1.7062337181944445,1.3658740082986112,1.681349941875,1.0671647027430555
2023-11-03,1091802.8,5087801.048,1.4400607825694445,1.169288163923611,1.619977044513889,1.0814019952083334
2023-11-04,1063406.0,5029898.53365716,1.5014696182291667,1.2113767855902777,1.5679458253125,1.3504499882291665
2023-11-05,1007088.9,4846793.4047093,1.4387673161111112,1.277893075277778,1.4643953278125,1.1575949708680555
2023-11-06,1005773.4,4903662.71495243,1.5714106625347222,1.339734430625,1.5503254045486112,1.198371355798611
2023-11-07,1107928.1,5413336.6966,1.4769762755902778,1.3670077924305555,1.4251381795833333,1.0939364972222223
2023-11-08,1120147.1,5423527.22064761,1.523048442048611,1.364548045625,1.4889781952083334,1.3921203219791665
2023-11-09,951633.9,5131547.10510908,1.4379209748958333,1.4122867452083332,1.3986266403125,1.0920604891666668
2023-11-10,934474.5,5019997.014,1.1572275325347223,1.4588353800694445,1.0539511890277777,1.0848157793402775
2023-11-11,950375.6,4983769.6464,1.6133862745644598,1.5799026402787455,1.454143192508711,1.091854774270833
2023-11-12,946102.0,4998256.866,1.6765700452777776,1.5854771817361109,1.5019800513541668,1.2259474439930556
2023-11-13,968952.1,5125756.609,1.6974107235416664,1.5411786982291666,1.544862050451389,1.081686068923611
2023-11-14,968592.8,4914635.61507761,1.5400219973611111,1.4906081884722222,1.449097021423611,1.1235058163194447
2023-11-15,932255.3,4878212.29898745,1.9890760604166668,1.5440974063888888,2.1356997323263887,1.2084624580902779
2023-11-16,922212.2,4681959.13384163,1.9920421572569442,1.5888280861458333,1.986226115,1.073582539032258
2023-11-17,927214.4,4645383.6989663,2.1910610302430555,1.4802671568055557,2.619886800173611,1.049839989722222
2023-11-18,907986.5,4545833.63138161,1.8731261573263889,1.543502196527778,2.158965310729167,1.1801398212152778
2023-11-19,958180.3,4912754.33316753,1.804364305138889,1.5219242572569445,1.9318306669791667,1.217058545
2023-11-20,974066.9,5035402.94518474,1.6074129063829787,1.5614863344326242,1.436468859680851,1.0902149357638888
2023-11-21,1009265.1,5004879.44329474,1.518870742326389,1.4803728933680556,1.4081476134722222,1.2893370759375
2023-11-22,1001199.5,5262372.33318216,1.4114857153472222,1.3470807630208332,1.2891456975,1.123716669201389
2023-11-23,990943.7,5190727.57743533,1.4800883523859651,1.35581665,1.263325673403509,1.367786661076389
2023-11-24,940079.3,4984520.58696968,1.3794522694444444,1.3729439958333334,1.1630745028472222,1.4371493275347222
2023-11-25,928221.8,4947422.194,1.4302299409375,1.4558545870486113,1.1122063279861112,1.4142538245833334
2023-11-26,972579.4,5133274.0732,1.5155240419230769,1.5266570166433568,1.2606898233916084,1.284587110486111
2023-11-27,1031251.7,5332602.5407,1.590693159861111,1.348979554722222,1.4577902164236112,1.3558567521875
2023-11-28,966666.0,5041287.0682479,1.6089198428125,1.3005652666666667,1.6088133373611109,1.2567084964930555
2023-11-29,950012.7,4913465.6844,1.6839747693402778,1.3084109516319444,1.6833254907986113,1.3205352195833333
2023-11-30,916865.5,4785523.9152007,1.790653341840278,1.3196290507986113,1.792226741215278,1.5692187791319445
2023-12-01,931790.7,4939422.5007,1.6934319434722223,1.3510199747222222,1.5007757666319443,1.7727566325694442
2023-12-02,860343.4,4731028.3566,1.8098257584027775,1.3729692269444445,1.5954477855208333,1.7081307073867593
2023-12-03,856283.6,4781487.6224,1.4980366209375,1.355477334236111,1.2850806122569445,1.3537237249999998
2023-12-04,870879.3,4994581.18845774,1.4823567038888887,1.3305857502430554,1.2596027298958334,1.6727306222569442
2023-12-05,925431.1,5407293.9173,1.614270017673611,1.3201036058680558,1.3151413632638889,1.1255877207986111
2023-12-06,931947.6,5275794.47744077,1.511841230659722,1.3151125247916666,1.282653351076389,1.0333386638194444
2023-12-07,968416.9,5773701.5578,1.4905693739930557,1.321355947222222,1.2849964785416668,1.1443000313194445
2023-12-08,918665.1,5511071.9349,1.583573388263889,1.3398651706944444,1.4149461939930557,1.221343899861111
2023-12-09,925284.0,5503589.232,1.745811672777778,1.2815707824652778,1.6145657487847223,1.1226729695138888
2023-12-10,933295.5,5587640.1585,1.2681570710416668,1.191531289826389,1.2732018993055556,1.484742065
2023-12-11,863400.7,4885984.5613,1.6074048332638888,1.2573699373958331,1.4580037854513888,1.1795548910069444
2023-12-12,840154.6,4709796.65255204,1.7229476056944446,1.214826634375,1.6386909748958334,1.165439937673611
2023-12-13,835799.7,4787460.6816,1.6508239983680557,1.197548052465278,1.5928934275347222,1.1061376788888888
2023-12-14,800743.4,4702765.9882,1.7295596523958334,1.2481060696180555,1.606992221388889,1.3667836758333332
2023-12-15,828304.9,4661699.9772,1.7996226108333333,1.2523069615277775,1.6714932415972221,1.1113275150694446
2023-12-16,812447.6,4596016.0732,1.8522189548958334,1.2315684461458334,1.795241770798611,1.3777248510763889
2023-12-17,836443.3,4671863.33150968,1.7773756419791669,1.240626908888889,1.7558362154513887,1.0957545211805555
2023-12-18,871524.7,4889253.567,1.7244461772569446,1.2498374214930557,1.6824292553819447,1.1262745725694445
2023-12-19,819960.9,4531437.05071523,1.7798008907986107,1.2612627362152777,1.6556464719444444,1.2360441228125
2023-12-20,783878.2,4380201.98355841,1.8950703131944446,1.257530089826389,1.7583225707986112,1.0714054734027778
2023-12-21,766276.3,4353215.6603,2.0326586454166664,1.228755875173611,2.0019269985069443,1.0968439820138889
2023-12-22,872745.6,5158799.2416,1.9338876177777777,1.194168021736111,2.0429521999652778,1.1402935353819443
2023-12-23,850092.1,4984940.0744,1.8290161198611112,1.2525682819444444,1.926077669479167,1.2576309991666668
2023-12-24,849134.0,4893546.70029082,2.0313416422222224,1.283819210138889,2.1116311752430557,1.0685255539583334
2023-12-25,825172.3,4769541.27022478,2.2101842075694447,1.2326802380208335,2.377312066076389,1.051592545833333
2023-12-26,828996.9,4694609.4447,2.4203369572916666,1.2658899278472222,2.660865868888889,1.0687782017361112
2023-12-27,765199.6,4620275.1848,2.1124255023263885,1.3222833989236111,2.2267549309375,0.9959224362152779
2023-12-28,756798.7,4520358.6351,2.0863735642013888,1.3913078919444442,1.9883085281250001,1.1394058010069446
2023-12-29,781740.4,4581780.4844,2.064424962465278,1.3090000750694442,2.0894092734375,1.0682155353819445
2023-12-30,787224.0,4594239.264,2.274000051458333,1.2942684460069445,2.305865815451389,1.2408997780902777
2023-12-31,768119.9,4443036.06046918,2.3483263028125,1.300389173298611,2.3763181676041665,1.1147389160763888
2024-01-01,701049.7,4178889.24585811,2.3097128880555555,1.2879528028472222,2.319865438472222,1.1804414874305555
2024-01-02,701370.9,4207315.29410645,2.282852300833333,1.3499207907986113,2.2290930014930557,1.286456312673611
2024-01-03,687488.0,3858182.656,2.064628389548611,1.324064415034722,2.0709543025694446,1.0386248631250001
2024-01-04,678616.3,3905625.67220245,1.570704520625,1.2753610300694445,1.4577310773958334,1.0675038682638889
2024-01-05,680923.9,3907141.3382,1.6766230843055554,1.2600667466319446,1.5529467998263888,1.1544303682986112
2024-01-06,678599.6,3850374.1304,1.7684291100694445,1.2088852416319444,1.662469676111111,1.1050746937152778
2024-01-07,620119.1,3477544.99667514,1.685222597777778,1.2103919451388887,1.6755728999652777,1.2379304810069445
2024-01-08,600948.1,3553657.73827895,1.4410588383680556,1.085072906423611,1.5026425327083333,1.0818653505902778
2024-01-09,521728.9,3102211.3296134,1.4616670095486113,1.089158545173611,1.4018136751041668,1.0980681408333333
2024-01-10,572230.8,3722838.13670256,1.3237650589930556,1.0584581501041666,1.230079269097222,1.1472646624652778
2024-01-11,526635.6,3489487.4856,1.5637493595486112,1.0647769111805556,1.3619356986458333,1.0887369623611112
2024-01-12,501674.5,3219192.089003,1.6841927939236112,1.0641806669444445,1.484847599826389,1.1006517128819444
2024-01-13,493738.0,3226083.85994314,1.7122978274999998,1.0470195145486112,1.454869756527778,1.0969399592013889
2024-01-14,463524.0,2912321.292,1.5494614805555555,1.0722445426736111,1.2406346252430556,1.2349364790625
2024-01-15,460333.1,2941039.52016453,1.562779180173611,1.0747397621875001,1.3320149003472221,1.1472261596875
2024-01-16,483463.4,3183803.69855549,1.5482266893402779,1.073464917638889,1.3915515025,1.2346755259722224
2024-01-17,486481.1,3127999.91219287,1.5774419555555557,1.0783747311458332,1.4822428986458334,1.2106849291666666
2024-01-18,497120.4,3109105.80149879,1.7510127477430555,1.0774305288541666,1.6850322868055558,1.2587283931597222
2024-01-19,481248.4,3043831.92665096,1.8252897327430557,1.0627024024652778,1.8461811277083333,1.1339447424652778
2024-01-20,501404.8,3133766.13615728,1.8166093596180555,1.0313611844791668,1.7077161180902776,1.220710688125
2024-01-21,525896.6,3265258.75273488,1.7666583385416665,1.0359961314930557,1.755012495902778,1.3853942318055554
2024-01-22,516048.6,3025171.28880991,1.8229035932638888,1.0412386080555556,1.7864099332986112,1.1688443155208335
2024-01-23,501785.9,2862758.12207932,1.7508955818055556,1.0536747208333332,1.7623877914930555,1.377886247361111
2024-01-24,519206.3,2949550.43007717,1.7778158360763885,1.0335038895833333,1.812990820347222,1.4052500061805555
2024-01-25,529778.4,2987217.4606861,1.8826154573958331,1.0312412750000002,1.9055086344444443,1.3546209698958331
2024-01-26,532269.1,3061052.43773052,2.091755684756944,1.0298122521180555,2.095808275138889,1.2316154803125
2024-01-27,515195.9,2964368.47631498,2.2955042609375003,1.0417911647222222,2.2252216317708333,1.4686626328819443
2024-01-28,521010.6,2981982.6357319,2.238267649513889,1.0339353990972222,2.1664378681249996,1.3944834835763888
2024-01-29,535345.7,3138219.56679967,2.3231058503819444,1.0422067104861112,2.3423596477083333,1.4573327799652778
2024-01-30,546001.0,3240194.62979153,2.1807965786805554,1.1040459621527776,2.102535014513889,1.2021211055208332
2024-01-31,542691.9,3143095.20219012,1.8727330014236108,1.0493065314930554,1.7770440229166669,1.191351491076389
2024-02-01,574768.0,3356645.12,1.8090628599999998,1.0340915873958332,1.611623932326389,1.2599855239583333
2024-02-02,520498.5,3050187.39138428,1.8014892058680556,1.0254332319444446,1.5736010844444446,1.7966443970383277
2024-02-03,514670.4,2998950.87458333,1.8575201518749997,1.0281224735069445,1.708714178784722,1.705943216076389
2024-02-04,492630.8,2858463.85632589,1.7787681238194442,1.0076973667708335,1.6659098067013889,1.435322736388889
2024-02-05,504592.6,2944297.821,1.7847304196875002,1.0211626543402779,1.6956473588194443,1.4803080764583334
2024-02-06,1153288.5,6941643.4815,1.1258366783680556,1.1121178059722223,0.9276864955208334,1.2357567193055554
2024-02-07,830434.9,5100531.1558,0.7411917144791667,1.0261098880208332,0.4673163339930555,1.2784845128819444
2024-02-08,720959.0,4420199.629,0.7410160187847222,1.0125950874652778,0.5149077292013888,1.3784420743402777
2024-02-09,699595.1,4410954.91298132,0.7941218960416667,0.9543657457638888,0.5595380729513889,1.4520948159375
2024-02-10,689524.1,4367445.6494,0.7895724373263888,0.91800543625,0.5677171027430555,2.397174787013889
2024-02-11,696646.2,4431366.4782,0.7446211196875,0.9009975723263888,0.5288585747222222,1.7340073224652777
2024-02-12,647952.3,4365254.6451,0.757417370486111,0.922413128090278,0.5525633524652778,1.554782553611111
2024-02-13,630302.8,4230217.07979774,0.7633988759375,0.9309662153125002,0.5630013907638889,1.5537947139236108
2024-02-14,574034.0,4039318.11281384,0.836595656076389,0.9407897401388889,0.6324897289930556,1.6771355652777777
2024-02-15,527674.7,3772874.105,0.986502348159722,0.9495199292013888,0.7619758246527778,1.2308842678819447
2024-02-16,532717.6,3836632.1552,1.0175507607361962,0.9562786095092026,0.7977671514110432,1.4779567937423312
2024-02-17,500705.8,3541411.86026026,1.135565582986111,0.9358851357291668,0.8741506546527779,1.6870578161458334
2024-02-18,497886.4,3622715.61165483,1.1746598105208332,0.9506303321180555,0.9365012234027775,1.389283452048611
2024-02-19,494395.7,3689180.7134,1.2358180034375001,0.9673621119791664,0.9506400253124999,1.2727170265277779
2024-02-20,413248.7,3167138.0368,1.2510357167361112,1.075737690625,0.9727336421180556,1.1560531869444444
2024-02-21,405538.1,3058568.3502,1.3191946592361112,1.1144708140972222,1.0976575396875,1.467440121701389
2024-02-22,375380.2,2828150.71480393,1.3570012097222222,1.0793210145138887,1.1779832015277778,1.5183291678819444
2024-02-23,360838.6,2676218.2935918,1.3536291191666667,1.0622030757291667,1.1752600015277777,1.5997320922916665
2024-02-24,359275.5,2727619.596,1.3477005430902775,1.0288341077777778,1.1525903547916667,1.7446807785069443
2024-02-25,342756.0,2705091.24945852,1.4360290199652779,1.0551991417361113,1.237597419236111,2.7873000285763885
2024-02-26,342183.4,2756356.29512628,1.496703897152778,1.0909400356944445,1.2334624536805556,1.3784902163541668
2024-02-27,364543.4,2995777.41925407,1.7036577840972222,1.1151420811805555,1.7424226944791668,1.2740200564930555
2024-02-28,324069.5,2777482.02134594,1.790435608298611,1.077754597951389,1.8302134020833334,1.3419793883333335
2024-02-29,331517.2,2816580.68339248,1.6824311778125,1.0726359427083334,1.671643318298611,1.2414897458680556
2024-03-01,349170.0,3041842.29129,2.169022637118056,1.0322823455208332,2.1973630793055556,1.4470826789583333
2024-03-02,335643.2,2920095.84,2.158350147673611,1.1054358702777778,2.006243732534722,1.9946437961805559
2024-03-03,327731.2,2897221.2082775,1.9961894634027781,1.1272204984027778,1.8615878430555557,1.7917663254513887
2024-03-04,315892.7,2900400.41432,1.9802780616319444,1.0200397430555554,1.8457977681944442,1.3928983159722224
2024-03-05,298309.3,2693132.01105041,2.232175107673611,0.9892179722222222,2.1092394491666666,1.1987643784722222
2024-03-06,288662.5,2799808.25496663,2.3143087814583336,0.9787448541666666,1.9566863988194447,1.2191184861111113
2024-03-07,279922.1,2745773.43841333,2.585427604409722,0.9816248541666666,2.291804837638889,1.350148298611111
2024-03-08,266407.5,2623445.81290448,2.609211453819445,0.9933373854166666,2.2566644882291667,1.2749283993055556
2024-03-09,263702.6,2613029.0634,2.781465385483871,0.9733857956989245,2.4933496505376347,1.562938204301075
2024-03-10,261924.6,2572885.3458,3.017192108298611,0.9867259930555554,2.668617550659722,1.44735959375
2024-03-11,259357.0,2673451.956,2.733241641423611,1.001411392361111,2.3388388445486115,1.2908144861111113
2024-03-12,268093.3,2710120.317571,2.290949245138889,1.0149550416666666,1.989057816597222,1.4700822256944446
2024-03-13,246735.0,2511044.59476465,2.7712901645486117,1.0222966666666666,2.3938231748611107,1.2513269131944444
2024-03-14,242198.2,2391477.70103181,2.829341471039427,1.0382690215053763,2.3323568540501793,1.2231661039426525
2024-03-15,240611.9,2280490.714772,2.6307963629166666,1.0336904791666666,2.395511102777778,1.3516265958188154
2024-03-16,266665.2,2386962.87963196,2.562613255659722,1.0343700243055556,2.522862993055556,1.4313429131944444
2024-03-17,243597.5,2248710.9029478,2.6743808578819444,0.9855249861111111,2.648566153402778,1.4219810034843205
2024-03-18,252091.8,2249919.315,2.8175121791666666,0.9498548784722222,2.7483774076041665,1.2893722673611112
2024-03-19,230140.7,1845589.08221741,2.844403832708333,0.9719560069444443,2.9436034519097225,1.3432665659722223
2024-03-20,253723.2,2259658.8192,2.7336537159375,0.9742790694444443,2.695864446875,1.3176845243055557
2024-03-21,262469.7,2322898.88477185,2.5485994641319447,0.9401904826388888,2.5634093306944443,1.4281718854166665
2024-03-22,270757.9,2288908.766809,3.0190377634722223,0.9231256840277777,3.300848536770834,1.5142456145833334
2024-03-23,255387.6,2162566.011528,2.877072932465278,0.9145243402777776,3.225542442708333,1.899370190972222
2024-03-24,275801.1,2412127.41459831,2.5876253073611113,0.9473985833333332,2.8069475065624996,1.7654410104166667
2024-03-25,274795.8,2500916.5758,2.5491171971180555,1.0250369375000001,2.4569119123611114,1.6072540798611112
2024-03-26,269868.9,2453378.1699,2.452776228055556,1.0248648576388888,2.2330889546527777,1.2999066874999998
2024-03-27,267073.9,2370365.07891289,2.4451716294791668,1.0410879652777778,2.222521865798611,1.9647902604166667
2024-03-28,234369.9,2118265.07820513,2.3949018927430554,1.0701344479166666,2.3201340334722222,1.4952118784722221
2024-03-29,230420.7,2048549.0119911,2.378980183888889,1.2209616458333334,2.2542604167708333,1.5087865833333334
2024-03-30,225092.0,2001203.160292,2.450137780486111,1.3108060520833333,2.282020579166667,1.6978989826388888
2024-03-31,191395.4,1765048.3788,2.3134255495486116,1.3614347222222223,2.1235778178125,12.532599465277777
2024-04-01,0.0,0.0,2.224653686605505,1.2800440925925924,2.0705568133333334,1.238219752293578
2024-04-02,0.0,0.0,,,,
2024-04-03,0.0,0.0,1.0,,,
2024-04-04,0.0,0.0,0.0,,,
2024-04-05,0.0,0.0,,,,
2024-04-06,0.0,0.0,,,,
2024-04-07,0.0,0.0,,,,
2024-04-08,0.0,0.0,,,,
2024-04-09,0.0,0.0,,,,
2024-04-10,0.0,0.0,,,,
2024-04-11,0.0,0.0,,,,
2024-04-12,0.0,0.0,,,,
2024-04-13,0.0,0.0,1.0,,,
2024-04-14,0.0,0.0,,,,
2024-04-15,0.0,0.0,,,,
2024-04-16,0.0,0.0,,,,
2024-04-17,0.0,0.0,,,,
2024-04-18,0.0,0.0,,,,
2024-04-19,0.0,0.0,,,,
2024-04-20,0.0,0.0,,,,
2024-04-21,0.0,0.0,0.0,,,
2024-04-22,0.0,0.0,,,,
2024-04-23,0.0,0.0,1.0,,,
2024-04-24,0.0,0.0,,,,
2024-04-25,0.0,0.0,,,,
2024-04-26,0.0,0.0,,,,
2024-04-27,0.0,0.0,,,,
2024-04-28,0.0,0.0,,,,
2024-04-29,0.0,0.0,,,,
2024-04-30,0.0,0.0,,,,
2024-05-01,0.0,0.0,,,,
2024-05-02,0.0,0.0,,,,
2024-05-03,0.0,0.0,,,,
2024-05-04,0.0,0.0,0.0,,,
2024-05-05,0.0,0.0,,,,
2024-05-06,0.0,0.0,1.0,,,
2024-05-07,0.0,0.0,0.0,,,
2024-05-08,0.0,0.0,,,,
2024-05-09,0.0,0.0,,,,
2024-05-10,0.0,0.0,,,,
2024-05-11,0.0,0.0,1.0,,,
2024-05-12,0.0,0.0,0.0,,,
2024-05-13,0.0,0.0,,,,
2024-05-14,0.0,0.0,,,,
2024-05-15,0.0,0.0,,,,
2024-05-16,0.0,0.0,,,,
2024-05-17,0.0,0.0,,,,
2024-05-18,0.0,0.0,,,,
2024-05-19,0.0,0.0,,,,
2024-05-20,0.0,0.0,,,,
2024-05-21,0.0,0.0,,,,
2024-05-22,0.0,0.0,,,,
2024-05-23,0.0,0.0,,,,
2024-05-24,0.0,0.0,,,,
2024-05-25,0.0,0.0,,,,
2024-05-26,0.0,0.0,,,,
2024-05-27,0.0,0.0,,,,
2024-05-28,0.0,0.0,,,,
2024-05-29,0.0,0.0,,,,
2024-05-30,0.0,0.0,,,,
2024-05-31,0.0,0.0,,,,
2024-06-01,0.0,0.0,,,,
2024-06-02,0.0,0.0,,,,
2024-06-03,0.0,0.0,,,,
2024-06-04,0.0,0.0,,,,
2024-06-05,0.0,0.0,,,,
2024-06-06,0.0,0.0,,,,
2024-06-07,0.0,0.0,,,,
2024-06-08,0.0,0.0,,,,
2024-06-09,0.0,0.0,,,,
2024-06-10,0.0,0.0,,,,
2024-06-11,0.0,0.0,,,,
2024-06-12,0.0,0.0,,,,
2024-06-13,0.0,0.0,,,,
2024-06-14,0.0,0.0,,,,
2024-06-15,0.0,0.0,,,,
2024-06-16,0.0,0.0,,,,
2024-06-17,0.0,0.0,,,,
2024-06-18,0.0,0.0,,,,
2024-06-19,0.0,0.0,,,,
2024-06-20,0.0,0.0,,,,
2024-06-21,0.0,0.0,,,,
2024-06-22,0.0,0.0,,,,
2024-06-23,0.0,0.0,,,,
2024-06-24,0.0,0.0,,,,
2024-06-25,0.0,0.0,,,,
