,sum_open_interest,sum_open_interest_value,count_toptrader_long_short_ratio,sum_toptrader_long_short_ratio,count_long_short_ratio,sum_taker_long_short_vol_ratio
2023-10-17,223714841.0,13283813.65479553,1.1556187346511626,0.9097205844186045,1.3364022342790698,1.0082083799069768
2023-10-18,265697506.0,10967993.04768,1.1937035274999999,0.9905631488194445,1.216711910486111,1.024092116423611
2023-10-19,379168962.0,16580561.99691978,1.1043549810069444,0.8931511884027779,1.2194446045486111,1.037741928888889
2023-10-20,365228500.0,15567295.05604,1.342126662013889,0.8900607874305556,1.4385634220833334,1.0204200341666667
2023-10-21,308869247.0,13774082.75512193,1.5511988682291669,0.882007019548611,1.6628371989930555,1.0328244776041666
2023-10-22,342233761.0,16489928.02002803,1.1145142818402778,0.9254335003124999,1.1397352489583332,1.0314230673611111
2023-10-23,317909560.0,15040056.4932388,1.4133729284375,0.9045899195138889,1.568213266215278,0.9650191910416667
2023-10-24,232198489.0,9750541.64368003,1.6697505318055557,0.8667583156944444,2.0945567186805554,0.9991990578819444
2023-10-25,211535836.0,8285799.46608592,1.763188976701389,0.8721061190625,2.6673562503125,1.0518019143055557
2023-10-26,182513126.0,7377638.66086626,1.521245214236111,0.9164215196180555,2.275214108125,1.0423801590625001
2023-10-27,168008520.0,6673547.0670096,1.5024793521527777,0.9756707617708335,2.153946267777778,1.1033871612847221
2023-10-28,156574409.0,6370625.96341977,1.467469879201389,0.9591531239583332,1.549069859201389,1.2774556204166667
2023-10-29,143979316.0,5931947.8192,1.7829292118402778,0.9729328081944444,1.9452796810069444,1.1530591401388888
2023-10-30,191218056.0,9286067.00029176,1.577947651111111,0.9920128221527779,1.6618510634375,0.9825487016666669
2023-10-31,122585638.0,5440350.61444,1.8131094722569447,1.0101964721180554,1.8507641175694443,0.9869594557638889
2023-11-01,116313110.0,4995570.1447163,1.8141396811805555,0.9712152546874999,2.030505954375,1.0257549271527777
2023-11-02,102121859.0,4152319.72055796,1.7296091249652779,0.978644129513889,2.1980660510416663,1.0956323365624998
2023-11-03,107603750.0,4340582.477675,1.725457639722222,1.0292419280555558,2.5007567320138886,1.069962241701389
2023-11-04,116416748.0,5117556.84032712,1.4923712433680556,0.9808347279513888,1.7581327228819446,1.0248638849305556
2023-11-05,114518413.0,4717013.43147,1.7777664843055556,1.0435868857291668,2.133296400625,1.1086857913194446
2023-11-06,109582942.0,4508900.82736142,2.041673448263889,1.0760849130902779,2.639114960243055,1.1065840403819445
2023-11-07,116920888.0,5108273.59672,1.7738865951041667,1.0275782624999998,2.161371432951389,0.9737215329513889
2023-11-08,110614600.0,5076103.994,1.7371176669444444,1.0151695176388889,1.9368624198611113,0.9993214419097222
2023-11-09,71046682.0,3106047.97281562,1.8425111621527774,1.034535591736111,2.015024476597222,1.0272725891666665
2023-11-10,78278062.0,3549127.33108,1.7309924944444444,1.1765587503819444,1.8798256574305556,1.0702549967361112
2023-11-11,98337396.0,4674959.80584,1.5909833495818815,1.2003107992682924,1.611648488850174,1.0448041344444445
2023-11-12,115729995.0,5416654.4611788,1.838646712847222,1.2398213387152779,1.8402192283333332,1.0657606375347222
2023-11-13,96046354.0,4299995.26858,1.845540016527778,1.3331868521527777,1.8996550970833335,1.0296160594791668
2023-11-14,117617698.0,5382811.58663336,1.8144651063541666,1.108657363611111,2.1684250753125003,0.9802274565972221
2023-11-15,142405195.0,7226542.4432363,1.6977788694791667,1.0833946628472222,1.9772282619444443,1.052076731701389
2023-11-16,138917428.0,6929201.30864,1.9106311836458332,1.2334450164930557,2.0826258590277775,1.0375643518947368
2023-11-17,111925482.0,5405483.68487316,1.8545098831944442,1.2784112920833333,2.0300241160763886,1.0663937303472222
2023-11-18,94969112.0,4309730.59205808,1.9080291977083332,1.2210592484722222,2.0898957340625,1.0535599128819446
2023-11-19,86126211.0,3972140.85132,1.9858218369444447,1.1991874915277778,2.1935614396527776,1.2294918659374998
2023-11-20,83721663.0,3780870.30108,2.276823658156028,1.1620479081205675,2.4184839321631206,1.1478087706944444
2023-11-21,79686424.0,3198428.18685632,2.315911871701389,1.0083989319444444,2.541278634826389,1.0697672658680557
2023-11-22,78426456.0,3354910.46521224,1.822154265104167,0.9019184859722222,2.088024839409722,1.1863104728472225
2023-11-23,76866514.0,3297573.4506,2.002908955614035,0.9542935049122807,2.2124615553846154,1.2067198021180556
2023-11-24,87483228.0,3993691.59243432,1.6571217209722222,0.9647609552083333,1.8492416923958332,1.0545281056597222
2023-11-25,92394835.0,4204457.45697055,1.8274859310069447,1.0249950613888887,1.9979416444444444,1.2909793471180555
2023-11-26,79661584.0,3575211.88992,2.0029619386713287,1.089459665909091,2.176822305804196,1.1371049953125
2023-11-27,74755508.0,3189817.52636,2.0415890507638887,1.0698376740277777,2.2962479271875,1.17574912875
2023-11-28,67873111.0,2942775.15235811,2.0035786446875,1.0508554828472223,2.2924616939583333,1.2320769578472222
2023-11-29,65003900.0,2804669.320063,2.1084647970486112,1.053874296423611,2.2946817507638886,1.1268378603124998
2023-11-30,65038574.0,2785290.58965054,2.0585683619097224,1.0042474003819446,2.291654902847222,1.271378888298611
2023-12-01,72136263.0,3171122.38464471,1.9790491911805554,0.9844780879166666,2.219789447916667,1.3048914376736112
2023-12-02,89863275.0,4032165.14925,2.115563140381945,1.0095708528819445,2.3358874406944445,1.2837719940625
2023-12-03,90181607.0,3964383.44372,2.390701337604167,1.0505338769791666,2.8702072959027776,2.2997571136805552
2023-12-04,98518353.0,4506385.12521774,2.387398996597222,1.1405961584027777,2.8947353283333332,1.1413125722916666
2023-12-05,127332159.0,5930909.13494175,2.5582670887847225,1.2272409503472221,2.957924692951389,1.016100709861111
2023-12-06,124879822.0,5619645.68832346,2.9333324605902775,1.419445218923611,3.1890376729513887,1.0860023765277778
2023-12-07,121262801.0,5461676.55704,2.789561549791667,1.4164100427777777,3.0788617463541663,1.0420843010416665
2023-12-08,126381572.0,5812804.13309376,2.9938475548958334,1.4918795508333333,3.3381339101388887,1.0890295085069444
2023-12-09,110911810.0,5003231.7491,2.9561997140625,1.6349575874999998,3.3118746064583333,1.0574397559722222
2023-12-10,106517765.0,4832710.99805,2.9678607574652776,1.6022924829166665,3.4025474513541667,1.2826850395833334
2023-12-11,84967947.0,3520437.86279538,2.8769006044444447,1.478658549340278,3.1657359661458333,1.0544451248958333
2023-12-12,75575828.0,3130388.583674,2.6592848361805554,1.3481347363194445,3.0395976917361107,1.15491523125
2023-12-13,72960272.0,3087678.71104,2.6842983470486113,1.2253139940972222,3.159248242118055,1.1343748822916666
2023-12-14,76651010.0,3284859.8707975,2.804979703055556,1.2074447366319445,3.1685569337152777,1.1974505711458334
2023-12-15,82628281.0,3385022.87233328,2.8485723847569444,1.339183290972222,3.1971068394444444,1.2188766708333334
2023-12-16,85197112.0,3528012.40792,2.759912044479167,1.2376635194791668,3.2205901973958335,1.3670401623958333
2023-12-17,82988286.0,3356496.08235012,2.817845946111111,1.235492678576389,3.3098088133333334,1.1723287050347222
2023-12-18,76607457.0,3019099.88037,2.8089208350000003,1.2554595413194445,3.217109659513889,1.1436989792708334
2023-12-19,82934321.0,3374597.52149,2.673872032118056,1.247253841388889,3.021641515138889,1.2138148951041667
2023-12-20,73723987.0,3016969.8580075,2.5357463343402777,1.2219364025694446,2.9152808016666665,1.21111871375
2023-12-21,78517465.0,3222965.27395375,2.5942835772916664,1.2474956154166668,2.9551324134027777,1.1996114303819445
2023-12-22,77176674.0,3282902.770275,2.5822356893055556,1.3489119882986111,2.8575233443402777,1.1985909209722223
2023-12-23,85069455.0,3565728.7410525,2.9284283530555557,1.404829846111111,3.0958923539583334,1.2363848808680558
2023-12-24,78064913.0,3156571.15078673,3.386403899236111,1.3310030075347221,3.5846653817013894,1.109872010451389
2023-12-25,94786336.0,3933632.944,3.0607337652777775,1.2422577273263888,3.3627520800694444,1.1472360205555556
2023-12-26,94298247.0,3789846.54693,3.114979101909722,1.3120702931597223,3.4371547094444446,1.1097786662847222
2023-12-27,94534740.0,3905230.1094,3.120004333680556,1.1867398336805555,3.5569853810069443,1.0859843625694445
2023-12-28,94354145.0,3802472.0435,3.4068395712152775,1.1369159271180556,4.156408433125001,1.0357012297569446
2023-12-29,90907801.0,3582676.43741,3.471819093159722,1.1207668930208332,4.213151579722222,1.0556337959375002
2023-12-30,85361546.0,3374341.91338,3.617349479131944,1.1220154244444442,4.3763566840625,1.2276882738888888
2023-12-31,87908360.0,3439854.1268,3.3934291032986112,1.1098989111458333,4.126490001944445,1.0618148713541666
2024-01-01,81538285.0,3250931.42295,3.292708430833333,1.1117108472916666,3.9632573981597212,1.148879366319444
2024-01-02,77669128.0,3092007.98568,3.4082666370486105,1.0996383953125002,3.9843697765972226,1.141811140173611
2024-01-03,72138760.0,2650549.7326488,2.9572273963888893,0.9787662242013889,3.323356608125,1.2633411216666666
2024-01-04,66169722.0,2397990.72528,2.2648770073263886,0.8613608008333333,2.4515162589236112,1.191336275138889
2024-01-05,65346640.0,2300152.71802,2.3445846820486107,0.7825610604513888,2.5104726777430555,1.2612574190972223
2024-01-06,83271263.0,3053352.36690302,2.004724644270833,0.7766152967361111,2.261105699201389,1.15187790625
2024-01-07,72764967.0,2457125.22270699,1.7570907575694443,0.7818383614583334,2.0623678519791664,1.5091400827083334
2024-01-08,66120548.0,2291738.19368,1.9638125023611113,0.827524659375,2.253671437743056,1.4449490034374999
2024-01-09,65175047.0,2168373.81369,2.0669762405555554,0.9217079227083335,2.2497292413541667,1.4998033399305557
2024-01-10,68429345.0,2412599.04650255,1.9390953321180555,0.8076636829513889,2.170979912777778,1.1205288817013888
2024-01-11,72123812.0,2725561.74043248,2.0521906746527776,0.8366664070486112,2.2626094994097223,1.2063387092013889
2024-01-12,64872356.0,2348381.88209424,2.070615995381944,0.9342158834722222,2.214237715555556,1.1579003632291665
2024-01-13,55142331.0,1992855.42222951,2.2090483025694443,0.9632100985763891,2.3512680971180555,1.3425475739236112
2024-01-14,49379831.0,1763567.57967823,2.2851058454513886,0.8860144198611111,2.4565717766319444,1.2197517455555555
2024-01-15,45898580.0,1661530.4319432,2.0703889320833335,0.8597334053819444,2.2302658146875003,1.679991152508711
2024-01-16,48558785.0,1807481.3170139,2.113118899236111,0.9081269896180556,2.323371129548611,1.3100067460416667
2024-01-17,49476108.0,1812309.83604,2.32960776875,0.9898303643750003,2.558185692465278,1.4450828443750001
2024-01-18,46447851.0,1625210.30649,2.152430359895833,1.0246399153819443,2.3598521978819442,1.613020331875
2024-01-19,50905170.0,1823932.2411,2.0639796305208336,0.8272146621527777,2.2447143516319445,1.2024354581249999
2024-01-20,51525018.0,1824760.57347072,2.0482548469444444,0.8315766826736111,2.238503417326389,1.6818572997212544
2024-01-21,47954694.0,1685136.09945798,2.039185391875,0.8628147463541667,2.2521498584375,11.436453776354165
2024-01-22,43302280.0,1436336.6276,2.0388174697569443,0.8150232804166667,2.260876002326389,1.3239975110069446
2024-01-23,46213125.0,1518742.594425,1.7829025790277777,0.7678547762152778,2.0337603229166668,1.4582669775000001
2024-01-24,47458623.0,1631627.45874,1.593447785173611,0.7222782149652778,1.8038853690277774,1.361626899826389
2024-01-25,58224148.0,2106697.56397592,1.5472374017708335,0.7622571198263889,1.7299838580208333,1.3049341164930555
2024-01-26,60304915.0,2215235.9232168,1.6236184497916666,0.836170827638889,1.8267633280555557,1.5359149178125
2024-01-27,55143598.0,2008329.83916,1.763304308263889,0.8340435536805555,1.9338408510416667,1.64108891875
2024-01-28,52939559.0,1874415.61304089,1.8354153176041663,0.8606597054513889,2.0006827233333335,1.5335459698611114
2024-01-29,47935315.0,1711290.7455,2.0588404134722222,0.8842019315624999,2.2439768952777777,1.578233887152778
2024-01-30,51570827.0,1818569.92074758,2.0623068730555554,0.9283153932291667,2.326331637847222,1.4589998820486112
2024-01-31,42169837.0,1421336.04287848,2.3183779103125,1.0072258050694443,2.5757834917708333,1.3005290240624998
2024-02-01,45726111.0,1543256.24625,2.365059277465278,0.9785094638194445,2.638937422326389,1.5073192462499998
2024-02-02,42804782.0,1468578.5644425,2.3740671411805554,0.9623596522916666,2.654715343611111,2.016216346829268
2024-02-03,43850886.0,1501461.79129062,2.241231176666667,0.907029378125,2.4892445787152777,2.525090891423611
2024-02-04,45191590.0,1517533.5922,2.2871167397222223,0.9128301553819446,2.536895271076389,2.0757450912195123
2024-02-05,47194114.0,1572037.35316342,2.1510861750694446,0.9158320594097221,2.154784883020833,1.525203140696864
2024-02-06,46780465.0,1577905.08445,2.076927408333334,0.9238849872569443,2.0169168192708335,1.7133901886111111
2024-02-07,49962706.0,1729509.030896,2.187285182152778,0.9144573017708333,2.181837902256945,1.7343056418402778
2024-02-08,47678823.0,1666851.65208,2.1981696872916663,0.9209373356249999,2.3318649702430556,1.7412080495833335
2024-02-09,41338005.0,1468739.31765,2.4730951391319445,0.9171411507291667,2.649622381875,2.113480869340278
2024-02-10,44642463.0,1592063.62243602,2.6918328388194444,0.9352340541666666,2.788639493611111,2.4203144298601402
2024-02-11,45341233.0,1612303.86685389,2.700605191701389,0.9177146394097223,2.909034667222222,1.6211125690940766
2024-02-12,49272478.0,1790561.85052,2.78015783375,0.9242500971527777,3.0702463617361113,1.5844469483680552
2024-02-13,55574898.0,1980689.36472,2.7672873309375,0.992697492638889,3.0331680415972224,2.049663351388889
2024-02-14,58960527.0,2137498.34375208,2.9273672915277777,0.9640908299305555,3.298289817743056,2.210245742604167
2024-02-15,61638016.0,2271278.91103872,3.128350155277778,1.0569498043055556,3.526017479756945,1.610622960173611
2024-02-16,63366570.0,2354701.7412,3.2143857794478525,1.1001616842331288,3.5336222754601225,1.3358560691411043
2024-02-17,58138012.0,2124762.94800256,3.041024577361111,0.9748944014236112,3.441886351284722,1.7919682985763887
2024-02-18,61887408.0,2311494.6888,2.936602400798611,0.9706925621875,3.3758189531597225,1.5878154251041667
2024-02-19,62750542.0,2398953.22066,2.944290998263889,1.0627666751736111,3.4488800620138886,1.319467185451389
2024-02-20,86300315.0,3442030.24256395,3.0170008567708333,1.0755496119791668,3.5341754481944445,1.1641325190972223
2024-02-21,86658993.0,3318172.84197,2.69560442,0.9917009618055554,3.3174277972916664,1.0608666355208334
2024-02-22,88284820.0,3490781.7828,2.450536795763889,0.9279895284375002,2.9788932030902777,1.0968111303125
2024-02-23,99887158.0,3972170.65957964,2.4281558864583332,0.9685985005555556,2.884492660486111,1.1315500401041667
2024-02-24,101138320.0,4013471.95256,2.600181918333333,0.9710974476041664,3.0488201747569446,1.1971479723263887
2024-02-25,125100624.0,4925211.56688,2.8046640396875,0.9593563833333333,3.3084368834374995,1.313719582361111
2024-02-26,106963085.0,4258134.0967373,2.908673836666667,0.9876827819097223,3.336878037361111,1.1575663490972223
2024-02-27,110867390.0,4482359.7083088,2.816254756527778,1.2673785998958331,3.2134535674652778,1.1723674619444444
2024-02-28,99219366.0,3980680.96392,2.9067224754513887,1.4461533757291667,3.260367575833333,1.0620967144097222
2024-02-29,96196624.0,4047953.93792,2.8966286647222224,1.4058891780208331,3.1472894168055556,1.0450639112847222
2024-03-01,97699865.0,4418855.4701012,2.9338819321527776,1.172886521527778,3.107918660659722,1.069417524340278
2024-03-02,89982445.0,4142439.0366156,3.496674448645833,1.2603307548958333,3.5514004861805555,1.1866645010763888
2024-03-03,91003548.0,4052440.77449784,3.5872731621527785,1.309855020138889,3.521031506215278,1.1997370288541669
2024-03-04,105217631.0,4896363.48481098,3.4752797725,1.322790326388889,3.515785097673611,1.0116886354166668
2024-03-05,90681686.0,3950094.24216,3.341826960243056,1.226099097222222,3.589011806284722,1.0355267395833334
2024-03-06,88003193.0,4085108.21906,3.2462012613194444,1.1968825381944446,3.4440255737500003,1.0960334027777776
2024-03-07,80315680.0,3900333.4226272,3.485637190972222,1.2179818368055555,3.576295215625,1.0522055590277777
2024-03-08,89107962.0,4266804.66274548,3.645976594027778,1.1935887013888888,3.7652034076041665,1.1643851493055557
2024-03-09,102126258.0,5027526.57700332,3.6014874122916662,1.2752515833333333,3.8061170687847214,1.1487519479166666
2024-03-10,92874108.0,4508923.70824716,3.6585514664583325,1.2730488749999997,3.7573103008680553,1.1956147118055556
2024-03-11,96700258.0,4962822.59800118,3.4240907302777774,1.2751581944444446,3.4413278807291667,1.1092549513888887
2024-03-12,107755719.0,5533490.000560231,3.0383897385416665,1.2298603680555555,3.314918316215278,1.0722523368055557
2024-03-13,95874097.0,5100903.67286643,2.961117173229167,1.2031789930555554,3.1857921611458333,1.1387716041666667
2024-03-14,92874448.0,4698502.53566384,3.301857721111111,1.1950112708333334,3.4406347012152776,1.048780204861111
2024-03-15,96618274.0,4495970.02807242,3.156394813715278,1.2688351597222223,3.2767772380902778,1.051949378472222
2024-03-16,96070190.0,4073172.3871972,3.0488165205555555,1.214420173611111,3.2876016308680556,1.0752318506944445
2024-03-17,92708494.0,4021903.0638315,3.1237152726388886,1.1367815972222222,3.433433159791667,1.1938894722222222
2024-03-18,90820767.0,3690728.9189625,3.189165856805556,1.236559232638889,3.4774010357638887,1.124650986111111
2024-03-19,89695435.0,3260431.75311305,2.779764775416666,1.1700925451388888,3.036050506875,1.076404045138889
2024-03-20,86609251.0,3507814.97248662,2.667943979479167,1.139748392361111,2.9102317417013888,1.1214887673611111
2024-03-21,82883055.0,3419540.18218755,3.1766038978472224,1.1838073090277779,3.3224307439583334,1.1509927916666667
2024-03-22,72410674.0,2932572.92024732,3.033121293923611,1.064899986111111,3.2849383971180557,1.08315125
2024-03-23,73892416.0,2983480.188416,3.1155649299305557,1.0475312708333333,3.373025989618055,1.1349175243055556
2024-03-24,72604255.0,3047966.55724025,3.1004299569097222,1.0551276597222223,3.3961039613888886,1.198405232638889
2024-03-25,72870570.0,3252213.5391,3.1235502527430556,1.0496195208333334,3.2335122415625,1.1243348194444447
2024-03-26,86308809.0,4264459.56269988,2.848158573611111,1.055311715277778,3.0837530109027775,1.1181703229166666
2024-03-27,91626460.0,4337877.9096322,2.7873856981597225,1.08124034375,3.1167632274305554,1.0298870208333333
2024-03-28,90443119.0,4230228.17264775,2.848912507326389,1.036076326388889,3.2363639242013886,1.2794709791666667
2024-03-29,91569586.0,4256209.2990316,2.9560707746875,1.081465579861111,3.3232015255208336,1.3851264965277776
2024-03-30,87413279.0,4002238.8323347503,3.0019087373958335,1.124785513888889,3.372863483125,1.253586548611111
2024-03-31,85720281.0,4111584.42180153,2.8449027044444444,1.1359700173611111,3.2499884221180557,1.1334810104166666
2024-04-01,81839178.0,3590017.12474794,3.028530616423611,1.1696159756944444,3.2970775980208336,1.2358258333333334
2024-04-02,90927888.0,3645740.0301768,2.868517336666667,1.1859302430555556,3.1682465815972223,1.228502170138889
2024-04-03,88247738.0,3495086.9625852,2.7835943262847227,1.1502054652777778,3.1589301801041665,1.21732453125
2024-04-04,83435353.0,3508456.59365,2.745597565763889,1.159160347222222,3.072551282013889,1.3540143402777778
2024-04-05,84929454.0,3526428.89886444,2.8855747984027773,1.2140511979166666,3.0487772959375,1.2366466041666666
2024-04-06,87532194.0,3710489.70366,2.765414773784722,1.2258278055555556,2.7262848826736112,1.4738364791666667
2024-04-07,90302785.0,4019208.9971699,2.9988579426041664,1.2097545659722222,2.9930932779166666,1.150134579861111
2024-04-08,94622412.0,4345250.403864,2.9468549732986116,1.2068267083333335,2.9957329866319444,1.1630213854166667
2024-04-09,90113912.0,3917323.8457696,2.9711742241666665,1.2725466909722223,2.9896702691319446,1.3225276562500001
2024-04-10,83762898.0,3676991.86650276,2.766492658472222,1.2680384097222221,2.8312499504166664,1.1706794756944445
2024-04-11,83975846.0,3714251.66858,2.7828719713194445,1.28317171875,2.8700294908333337,1.3100623090277779
2024-04-12,178043811.0,8060785.76666187,2.376289911458333,1.1837728055555556,2.5244330438541667,1.0273436111111112
2024-04-13,187431969.0,8414945.680224,1.410859778715278,0.9493655,1.5087541438541665,0.9997939652777776
2024-04-14,155584988.0,6489989.72938836,1.533866804097222,1.0246857256944446,1.6864683976041668,1.0518291562500002
2024-04-15,159058011.0,6309831.29637,1.3710304128125002,0.9422464375000001,1.7216559726736111,0.99561109375
2024-04-16,163290736.0,6356080.46844848,1.2033782107638888,0.8139432604166666,1.5480700652430555,0.9627688715277777
2024-04-17,146679392.0,5302460.0208,1.1365420089236111,0.7486906736111112,1.4419271405902778,1.136516795138889
2024-04-18,142818021.0,5238279.374238,1.0938533081944444,0.7635900104166667,1.4135690270138888,1.128358767361111
2024-04-19,162505040.0,6443974.85616,1.0503341140972222,0.7700735624999999,1.40884948625,1.0099608854166666
2024-04-20,151362223.0,6062379.432684991,1.113084758125,0.7358123715277779,1.5156666480208334,1.1333408472222222
2024-04-21,135986803.0,5324653.02275498,1.3779884496180557,0.7425698680555555,1.8113076125694443,1.0286262743055556
2024-04-22,120217331.0,4822093.86588657,1.3685324200347222,0.7155904999999999,1.784798122361111,1.0773357118055555
2024-04-23,117531250.0,4600408.1875,1.3908895757638888,0.67442890625,1.7309799590277777,1.1525185590277778
2024-04-24,109550140.0,4037193.2478458,1.4642721157291665,0.69105015625,1.8341755763194447,1.0954609583333332
2024-04-25,110898846.0,4053493.66283442,1.2780696696875,0.7670663958333334,1.558209932986111,1.1044380590277778
2024-04-26,111024738.0,4056399.827568,1.2662457435763887,0.6986219513888889,1.535757199097222,1.6364307013888888
2024-04-27,103290707.0,3761847.54894,1.2587815157291666,0.690419923611111,1.620465250486111,1.5726069895833332
2024-04-28,101536207.0,3643728.324402,1.297017495625,0.6733876770833334,1.6596176438194443,1.3300942334494772
2024-04-29,100073155.0,3528779.59161,1.4488423973958335,0.6589660416666666,1.8171253568402779,1.1572173715277776
2024-04-30,100631039.0,3323440.694014,1.3924480508680555,0.6757623819444445,1.7200082534027779,1.1983394201388888
2024-05-01,105452871.0,3465181.34106,1.3080607628819445,0.6532779583333332,1.6268709909027779,1.1918281805555557
2024-05-02,107735836.0,3742836.67281732,1.2506479465972222,0.6686935138888889,1.5629407572916665,1.194844670138889
2024-05-03,100709728.0,3565124.3712,1.367062975138889,0.6569918923611111,1.7049456767013889,1.167548871527778
2024-05-04,97041307.0,3417794.83254,1.3571373292013889,0.6665698125,1.659383924548611,1.79521065625
2024-05-05,101154884.0,3598885.42830548,1.3763241580208332,0.6763661215277779,1.6514276171180553,1.7037021463414632
2024-05-06,102390274.0,3657206.5238142,1.369172692847222,0.6847361805555555,1.617741165173611,1.7049901006944446
2024-05-07,97564903.0,3421601.14821,1.3844857189930557,0.6951695173611111,1.6206286444097222,1.2395176145833335
2024-05-08,96161996.0,3323358.58176,1.5313243837847221,0.7005102743055556,1.7283296880555554,1.1279457013888887
2024-05-09,98826060.0,3532043.3844,1.5025723794791668,0.6895742048611111,1.7334767188888889,1.271705505226481
2024-05-10,96730714.0,3273780.40190878,1.6109579306944444,0.7046030381944445,1.8440794611458335,1.6009011707317073
2024-05-11,99504311.0,3333394.4185,1.6810613981250002,0.6926887013888889,1.8874636064583337,2.5153800975609757
2024-05-12,97381135.0,3207734.5869,1.6818259363541666,0.7047619791666667,1.8921348893402776,4.27831831707317
2024-05-13,102344634.0,3360844.263609,1.5623250759027778,0.7471394652777777,1.8599344311111112,1.9112822743055555
2024-05-14,98406255.0,3152988.56551515,1.6429058768402778,0.7701500416666667,1.9897737939236109,1.2581130208333333
2024-05-15,102295053.0,3464583.07138209,1.6458768545833335,0.7677692152777778,2.012173497638889,1.711337173611111
2024-05-16,100192061.0,3365040.5415399,1.6670106304861112,0.7848092291666666,1.9650607900000001,2.2867456805555557
2024-05-17,97361961.0,3374176.120416,1.7431127098958334,0.7874650451388889,2.0260521826736113,1.8719541180555557
2024-05-18,101030723.0,3531738.05606161,1.9678399630555556,0.7722316041666666,2.202717968090278,2.584779968421053
2024-05-19,100124386.0,3352164.44328,1.9461190150694445,0.7758758055555557,2.2384165281597226,2.4984640454545453
2024-05-20,97507779.0,3513205.27737,1.8792868011458335,0.7622164305555557,2.1904549022569446,1.7225108576388888
2024-05-21,106083633.0,3778685.21658771,2.080441356423611,0.7904745590277779,2.3104984595833336,1.560103306620209
2024-05-22,107700617.0,3749058.47777,2.0847209070833332,0.8069704791666668,2.2615772913541665,1.31229384375
2024-05-23,101377033.0,3494955.97857939,1.958614894965278,0.83163378125,2.1754452914930558,1.6497921875
2024-05-24,101755033.0,3506051.0660414,1.98013154125,0.8464653333333333,2.215076862465278,1.6200945209790207
2024-05-25,99285480.0,3426341.9148,2.036021532152778,0.8476136145833333,2.2810535261458336,2.671251957894737
2024-05-26,100378276.0,3407842.4702,1.9731562030208332,0.8558556458333333,2.264587060069444,2.5065643854166666
2024-05-27,104176932.0,3610071.35236764,1.9517251427083329,0.8663896840277778,2.225745996423611,1.4398438989547038
2024-05-28,99267450.0,3376085.9745,2.0231350428125,0.8843032847222223,2.260445898611111,1.8567559409722223
2024-05-29,97661405.0,3226732.8212,2.1029844080555558,0.8838649236111111,2.3000736846875,1.6163687638888886
2024-05-30,108224225.0,3536984.12145,2.035659564861111,0.9064572465277778,2.322846269340278,1.3849099409722223
2024-05-31,116718736.0,3799299.9036624,2.0740514647916664,1.0598027847222222,2.3978697321527775,1.9064323519163762
2024-06-01,118774254.0,3873481.41210102,2.061563570486111,1.0801494166666668,2.405014080277778,9.192811926573427
2024-06-02,113254409.0,3635466.5289,2.1443311165625,1.0772550034722224,2.5122993689583333,4.051000434027778
2024-06-03,121875071.0,3868025.9096217295,2.0528893595833333,1.0718919756944443,2.4365084551041667,1.9762274791666665
2024-06-04,126768631.0,4101793.0120104305,2.0393316270138886,1.0598792083333333,2.453495819965278,1.7096180763888889
2024-06-05,141222237.0,4659768.932052,2.127775650173611,1.0794372534722223,2.742575090034722,1.2385364409722222
2024-06-06,139075766.0,4482616.37955602,2.3838155548958335,1.1736849166666667,3.0478921869444444,1.7435194166666668
2024-06-07,116335168.0,3444451.654144,2.3018522183680554,1.1891803125,2.877218601527778,1.39197225
2024-06-08,110615561.0,3110915.53442887,2.2506158803125,1.1870898680555557,2.586499226111111,1.8260547048611113
2024-06-09,107517511.0,3078333.857441,2.248188142465278,1.1461069409722222,2.651326343159722,1.7788815451388886
2024-06-10,106568531.0,3060090.85690287,2.028203683229167,1.1641479236111112,2.3639986002083333,1.7573139375
2024-06-11,101872600.0,2777047.076,1.9298459664583336,1.1416665798611112,2.2679743248263886,1.506710442105263
2024-06-12,110042558.0,3105400.98676,1.8813133260278745,1.125393738675958,2.25419266097561,3.075763850694444
2024-06-13,110070976.0,2992664.730976,1.9280854897916666,1.1452674861111112,2.3320486658680557,3.057685517361111
2024-06-14,106621416.0,2817079.61720328,1.894244987604167,1.156125704861111,2.2254326063194445,1.7892708083623692
2024-06-15,106451698.0,2827449.71185726,1.8429760506271775,1.1502773484320556,2.1718691207665506,5.265131010714286
2024-06-16,117797337.0,2955190.03913259,1.8866499789236113,1.138599152777778,2.128606072222222,2.260794503496503
2024-06-17,118059888.0,2551274.17968,1.8429329448263887,1.1292295729166666,2.0789151789930553,1.3463960277777778
2024-06-18,120185608.0,2602018.4132,1.6503970297222221,0.9875475659722223,1.8673424688194444,1.1819779791666667
2024-06-19,111868041.0,2462281.58455419,1.5853542018055555,0.9053810729166665,1.9002864180208334,1.5197805243055553
2024-06-20,109164883.0,2438306.826688,1.6593842646527779,0.8923173090277778,1.9745666892708331,1.4925383333333333
2024-06-21,111372797.0,2516961.72970571,1.5705121906597224,0.9096909964412812,1.8660593382291668,1.913881736842105
2024-06-22,106681277.0,2407814.55770709,1.5685994278819446,0.8940120173611111,1.8916460384027778,3.2345892160278744
2024-06-23,106146587.0,2349080.22800111,1.6188864919791666,0.8818204965277777,1.975534007291667,2.240048132404181
2024-06-24,107795444.0,2368265.90468,1.7027243787152777,0.8810610590277778,1.951540507152778,1.623420392361111
2024-06-25,105483110.0,2436659.841,1.8840756187152776,0.8829519097222223,2.0464808235069447,2.031960204861111
2024-06-26,105413321.0,2447908.140262,1.915914237951389,0.9136120000000001,2.1278263611458335,9.300157634146341
2024-06-27,102515107.0,2436784.09339,1.865587122118055,0.8961573750000001,2.107119633506944,1.4572984006968641
2024-06-28,103425452.0,2386221.6859988,1.9326680847222224,0.88359896875,2.0951681327083334,2.057782454861111
2024-06-29,101259339.0,2317286.55743313,1.918008592673611,0.8902194409722222,2.0769869882638887,3.354548912891986
2024-06-30,105823182.0,2511893.1241794,1.8417180595833333,0.8892536805555555,2.0919288103819444,2.3523532326388885
2024-07-01,104113748.0,2402653.7853456,1.9042413310069444,0.8872443923611111,2.1933051527777776,2.131300930313589
2024-07-02,115355953.0,2541291.64459,1.887655995833333,0.9157703298611111,2.115549790520833,19.41446135888502
2024-07-03,113473718.0,2492563.689588,1.801199523090278,0.9127073819444446,2.0698104688194445,1.4149589930555555
2024-07-04,112705247.0,2257486.09741,1.6591370118055555,0.9492002569444445,1.881017720069445,1.4790969062500001
2024-07-05,103115056.0,2001621.00299568,1.646685485798611,0.9539675416666668,1.8532752404166668,1.4844229895833334
2024-07-06,101420160.0,2069579.78496,1.704208308923611,0.997919892361111,1.9224513355902775,1.9081846829268287
2024-07-07,91267018.0,1744112.71398,1.7015621560069445,1.037737190972222,1.8886256964236112,2.1394332326388885
2024-07-08,92075974.0,1841676.0091558,1.7121680921527778,0.9627500520833334,1.9903011546180553,1.7418204513888889
2024-07-09,91982784.0,1901560.093632,1.6936925095833333,0.9969155000000001,1.9540434435069445,3.179214927083333
2024-07-10,87243225.0,1853046.099,1.714380693902439,0.9894250209059234,1.9718349630662022,2.101275034843206
2024-07-11,86929060.0,1806675.3405698,1.7593577474652777,0.9850294618055556,1.9600718370833334,2.8463190138888894
2024-07-12,90966904.0,1949423.48172712,1.7207446266319444,0.9725018263888887,1.9446655307986107,6.309703229681978
2024-07-13,90324590.0,1967499.8979045,1.696826793937282,0.9665701254355402,1.954886381184669,21.202466950354612
2024-07-14,89425822.0,1969156.60044,1.7248173793356643,0.9655085734265734,1.9845435758536583,13.536890587412586
2024-07-15,90859062.0,2087396.090388,1.7218832146180558,0.9436590520833332,2.0333523646527776,2.314116727272727
2024-07-16,91963218.0,2254018.47318,1.8100369029861112,0.9625301631944444,2.0550131181249998,2.255080083623693
2024-07-17,87613047.0,2119651.35837651,1.828303765138889,0.9655247916666667,2.020688936527778,3.883044679442509
2024-07-18,81047681.0,1984098.29091903,1.8253675424652778,0.8261929305555555,2.008413225763889,7.24919749825784
2024-07-19,74849717.0,1906871.390292,1.5940157760416667,0.6263648020833332,1.7662645692013887,2.1795131770833334
2024-07-20,70930836.0,1817470.03183668,1.5995679721874998,0.5767430104166666,1.7637508821180556,40.99858922727273
2024-07-21,71417471.0,1821145.5105,1.6371828885416668,0.6120635486111111,1.79241839625,3.28882750877193
2024-07-22,69032498.0,1685083.27618,1.6962531090625,0.5890128541666667,1.837363453784722,2.637918003496503
2024-07-23,80420163.0,1937053.92752721,1.5018075498263892,0.6697285312500001,1.6518044231249998,1.9190300209059235
2024-07-24,88979884.0,2203346.5815732,1.4300038842361111,0.6771259444444444,1.5998379511458334,3.871416243055555
2024-07-25,87255840.0,2056096.61376,1.317730986111111,0.7034597604166666,1.4906440376041665,3.1742874548611106
2024-07-26,90987607.0,2281762.64169211,1.3527420890625,0.7424793125,1.5836698202083335,3.7615683784722216
2024-07-27,109162272.0,2858959.90368,1.4290257996875002,0.79113975,1.613743359861111,1.3455932083333333
2024-07-28,97240958.0,2478672.01942,1.4779352750694446,0.7945996215277779,1.6172329901388889,2.825167195121951
2024-07-29,89971727.0,2257210.686976,1.514361780138889,0.7780873472222223,1.6674764285069446,2.5658339652777777
2024-07-30,84823481.0,2149424.46383557,1.475324546875,0.7387388611111111,1.6537802714583334,3.0427275000000003
2024-07-31,98840224.0,2640315.93850528,1.37869918875,0.71758671875,1.6061005818402778,1.4174347673611112
2024-08-01,104670386.0,2821913.60656,1.1662834616319444,0.7647174340277778,1.2705583030208334,1.0567607708333333
2024-08-02,92444741.0,2453483.42614,1.1660087096527778,0.7263358020833333,1.2547817455902779,1.1345488715277778
2024-08-03,72653965.0,1719719.35155,1.3239506562499999,0.6092468923611111,1.4792142832291668,1.4074637916666666
2024-08-04,144314007.0,3578954.18137839,1.3033031860416666,0.6364687812500001,1.4085150002430555,1.1604043611111112
2024-08-05,95866427.0,2070807.81363419,1.200161989861111,0.6138163993055554,1.3319338785763888,1.2109716597222222
2024-08-06,176017583.0,4609900.49877,0.9908434457291667,0.7058509583333333,1.1102497377777778,1.0538427152777778
2024-08-07,166406297.0,4145851.4756469103,0.9890480970486111,0.7948311805555556,1.1361701084375,1.0646701770833333
2024-08-08,133237863.0,3509485.31142,1.0293193884375,0.7258958854166666,1.2562976623263888,1.1564847465277777
2024-08-09,159630392.0,4441236.766224,1.0509720194791667,0.7903797604166667,1.1918717467013888,1.0620371111111113
2024-08-10,182448544.0,5230799.75648,1.0411484719444444,0.7914531458333333,1.2255807320833334,1.1554058854166667
2024-08-11,150470487.0,3951008.9064999,1.154670714236111,0.8085765902777777,1.3201293066666666,1.2022440243055557
2024-08-12,105866302.0,2805457.003,1.064646158829787,0.7288063120567377,1.2985501180851065,1.8782580972222225
2024-08-13,129787775.0,3591227.73425,1.1041832824305555,0.7101328472222223,1.3502878202430557,1.0835226597222223
2024-08-14,122887758.0,3412593.03966,1.1331711101388888,0.74455503125,1.3202308798958333,1.1418546493055557
2024-08-15,113601235.0,2999072.604,1.1199011898611113,0.7480198888888888,1.2927221155208335,1.2432366909722221
2024-08-16,108430640.0,2722693.3704,1.086111542986111,0.6979118541666668,1.2734823679861111,1.4141890868055556
2024-08-17,108792507.0,2763329.6778,0.9832041086111111,0.68188134375,1.1538781328819443,1.7418522534722223
2024-08-18,107003730.0,2623731.4596,1.0272379490972223,0.6885414826388888,1.1961073864930556,1.6518508506944445
2024-08-19,100676757.0,2548128.71967,1.0677180959375,0.6781496006944444,1.2462648153472222,1.7259014409722222
2024-08-20,102941749.0,2648691.20177,1.0717803665972223,0.686433375,1.2391094313541666,1.9329145763888889
2024-08-21,100466510.0,2541400.83696,1.0570452811111108,0.6759180833333334,1.2080466110069443,1.9518232708333332
2024-08-22,97241877.0,2479483.1039337,1.1192342991666666,0.673386107638889,1.269063683298611,1.8986217395833336
2024-08-23,99786817.0,2656325.06854,1.206675355138889,0.6632965347222223,1.3920416610069446,2.319133722222222
2024-08-24,95205442.0,2521956.93256646,1.3268875819444446,0.6859904340277778,1.530099157222222,1.718896690972222
2024-08-25,113144237.0,3103546.42091,1.2404614726736112,0.7265492152777777,1.3655849812499998,1.0720009548611111
2024-08-26,101729612.0,2678113.4195896,1.1854160380902778,0.6688345625,1.389216598472222,1.1177313541666667
2024-08-27,105716420.0,2588363.9987726,1.2620883439930557,0.6228662152777777,1.4714199011458333,1.0376728368055557
2024-08-28,106011270.0,2552751.3816,1.1449982507986112,0.5502824409722221,1.3533489472916667,1.2327060659722222
2024-08-29,103447477.0,2481911.868184,1.1552966193402776,0.5344687048611111,1.410636055625,1.6425982717770036
2024-08-30,101897607.0,2441545.12487739,1.205237936423611,0.5549219930555557,1.4369812905555557,1.8761045505226481
2024-08-31,98146100.0,2319043.160928,1.1830601845138888,0.56436003125,1.3828704250347221,3.1784948986013983
2024-09-01,89303621.0,2001645.10984053,1.1685304150347224,0.5559250625000001,1.3940940250694445,1.7485495277777778
2024-09-02,97015639.0,2278933.25589643,1.0924678777083332,0.6184382326388889,1.319928220763889,1.4609543229166666
2024-09-03,88448076.0,1983005.86392,1.2209558629861113,0.6202968159722223,1.4467922228819445,2.3438322152777777
2024-09-04,86185176.0,1971916.82688,1.2114073213541667,0.5876378055555556,1.4397380501041666,3.962500599303136
2024-09-05,90433078.0,2007602.57529986,1.2688505874652778,0.6062665277777778,1.463580676701389,2.2599998286713285
2024-09-06,89748208.0,1953279.998912,1.2242852230208332,0.588064517361111,1.4281522824305553,2.1229777604166666
2024-09-07,90239621.0,1997002.81273,1.201748899409722,0.5878873611111111,1.4143718955902778,27.478519055944055
2024-09-08,90227107.0,2029207.63643,1.1723494902083336,0.5968108576388889,1.4121470810416668,3.5730304703832756
2024-09-09,86037763.0,2002959.12264,1.2302388695833333,0.5631005798611111,1.496607231111111,78.24719395486113
2024-09-10,88452430.0,2071555.9106,1.3864220976736112,0.5432042430555556,1.6178202871180556,29.829686487804874
2024-09-11,83846774.0,1942729.75358,1.3794981840972222,0.528284923611111,1.5998454173958334,2.5373199965034963
2024-09-12,83601299.0,1957747.63155333,1.4583548881533102,0.5403679721254354,1.6903790673611114,4.086542282229964
2024-09-13,81930392.0,1962148.50009624,1.5864963387152777,0.5084863506944445,1.7986977554513888,8.941950377224199
2024-09-14,83406942.0,1976279.94873306,1.6699408731818182,0.5130380244755245,1.9105626618815332,130.06774995289857
2024-09-15,80325607.0,1824997.79104,1.6302957908013938,0.512311094076655,1.8876182950871079,6.555469899999999
2024-09-16,79729259.0,1775092.222376,1.4215184089583335,0.5009006458333334,1.667252256076389,3.2294553649122806
2024-09-17,83649800.0,1933358.511994,1.3101215296180555,0.5347191076388889,1.5347291811111112,3.055149253472222
2024-09-18,84603769.0,1978882.15691,1.414820192013889,0.5409735069444445,1.604262680590278,3.5521809825174824
2024-09-19,88997738.0,2164342.22026366,1.578579970763889,0.60410521875,1.7434756104513889,2.1897994131944447
2024-09-20,92936923.0,2350374.78267,1.5967278992708334,0.6611306319444444,1.7941507573611115,1.814993857638889
2024-09-21,97146688.0,2621017.64224,1.5187393160069445,0.6778543368055555,1.6221124031597223,2.1336306794425086
2024-09-22,121442804.0,3407393.6175104,1.3044524606597223,0.6909102569444444,1.4155353012500003,2.048935738675958
2024-09-23,99825589.0,2737696.8132072,1.097672511423611,0.7091256736111111,1.217475865590278,1.4638509270833333
2024-09-24,90823541.0,2463043.608379,1.2673445693749998,0.64900746875,1.3462870764236112,1.67115
2024-09-25,93245128.0,2440787.26788184,1.4644760476388887,0.7138054583333334,1.5262704023958333,1.9129775659722223
2024-09-26,90664639.0,2434345.55715,1.4936470505208332,0.7802023576388889,1.6175734464583333,2.0008361602787454
2024-09-27,92438066.0,2520471.7703956,1.5446401584027778,0.7750024097222222,1.6585589765972222,2.379825506944444
2024-09-28,90536218.0,2428181.36676,1.5909856047222222,0.7542712986111111,1.6837607065972222,2.190073700348432
2024-09-29,91027729.0,2477774.78338,1.4871922702430556,0.7701157222222221,1.6193802205902779,1.9762912048611112
2024-09-30,94153189.0,2519539.33764,1.3062096085069443,0.7671106527777778,1.4222358370486112,1.649022795138889
2024-10-01,248045787.0,7543072.38267,1.1413082527083334,0.7886358472222222,1.2260603930555556,1.1870316631944444
2024-10-02,173321220.0,4712950.61424,1.0708570971527778,0.6940616909722223,1.162026011076389,1.0652550590277778
2024-10-03,146289698.0,3820794.332364,1.146393830902778,0.6679312604166667,1.3333407885416666,1.1200671319444444
2024-10-04,137712509.0,3829784.87529,1.0203220060416667,0.6425941076388889,1.2191312654861113,1.613332545138889
2024-10-05,160981089.0,4778063.6045001,1.0091995685069444,0.6596156944444443,1.1656593042361112,1.138956559027778
2024-10-06,165381262.0,4915131.10664,0.9735602946874999,0.6959456944444445,1.1340348610763888,1.0884330069444443
2024-10-07,192935980.0,6323669.68048,1.0769898596875,0.6707464444444445,1.2075456389236112,1.2068393055555555
2024-10-08,200182544.0,6528839.56850992,1.0404633709375,0.6452816006944444,1.168995053263889,1.0575292256944442
2024-10-09,185123072.0,6115725.806592,1.0391692835416668,0.6162171006944445,1.1693353430902778,1.0750551631944445
2024-10-10,164209479.0,4978502.984322,0.9376426575000001,0.5810613402777778,1.0995702594444443,1.2680975729166668
2024-10-11,180310169.0,5508235.85042523,1.0752813570833333,0.6509838333333333,1.2065141886458333,1.3190091180555557
2024-10-12,166002138.0,5107885.78626,0.9577363216666667,0.6831728125000001,1.039970223298611,1.466509204861111
2024-10-13,153687026.0,4714195.835524,1.070815987048611,0.6657216041666667,1.135723030590278,1.331756232638889
2024-10-14,154442601.0,4804936.347733471,1.1626656527777777,0.7069382465277777,1.305659975173611,1.4802500694444445
2024-10-15,149221952.0,4490431.7461696,1.2100533944444445,0.7078321423611111,1.347168267604167,1.2681076875
2024-10-16,138252407.0,4047477.467332,1.1671863386805557,0.7085556284722223,1.3080869934375,1.5857945659722221
2024-10-17,125856373.0,3636242.328716,1.1391474353472222,0.69962646875,1.2905372019444445,1.5460425017421604
2024-10-18,132630935.0,3858038.9316755505,1.2185781449652777,0.7079036041666666,1.3637621397916666,2.4502995520833335
2024-10-19,120602127.0,3424919.5036095,1.3018918225694445,0.7250787291666667,1.4274660879861112,8.24854718118467
2024-10-20,126592630.0,3655196.3549047,1.3628880881249998,0.7108205243055556,1.5276561273958333,1.4024830868055556
2024-10-21,119076783.0,3254368.47939,1.49576381625,0.7115813090277777,1.6398895611805555,1.6646907499999999
2024-10-22,116513896.0,3180829.3608,1.4264488584375001,0.7302841770833334,1.5594744955902777,1.2748837534722222
2024-10-23,104321832.0,2819123.29234056,1.3689368480208333,0.7335231770833334,1.4889813621874999,0.9895779965277778
2024-10-24,95422231.0,2605981.12861,1.2746887970833332,0.6951194409722221,1.403209381736111,1.4614949201388887
2024-10-25,130771510.0,3648276.663131,1.3032903316666666,0.6877371736111111,1.4339929633333333,1.2823798368055555
2024-10-26,128876482.0,3420085.4163714,1.1056194133333332,0.8040673368055555,1.223823820659722,1.3552084340277777
2024-10-27,123967142.0,3220756.84517366,1.1260914088888887,0.7868878020833333,1.2426999603125002,1.6516199163763066
2024-10-28,110407803.0,2793317.4159,1.2379307720979023,0.7747519335664336,1.2731409244755245,1.412721174825175
2024-10-29,119217192.0,3081764.4132,1.316956538090278,0.7722779618055556,1.4078768843402778,1.6312721840277777
2024-10-30,115254281.0,2950279.085038,1.390452200520833,0.7903614513888889,1.4435861709375,3.7664254930555563
2024-10-31,116599683.0,2799791.588196,1.325927144479167,0.8043671423611111,1.3952416238888887,5.251537003472222
2024-11-01,114983253.0,2810190.70332,1.303139867638889,0.81638053125,1.3901091418055556,1.7468620173611111
2024-11-02,109903140.0,2694207.3371532,1.3310770171180555,0.8313368506944445,1.4003154130555555,1.3613400694444442
2024-11-03,100548504.0,2332725.2928,1.3246016218749999,0.8006727881944444,1.4096682752430556,1.3730350555555555
2024-11-04,93922219.0,2119073.105078,1.2925666463194443,0.7591745520833333,1.3842942230902777,1.4605507395833335
2024-11-05,97457838.0,2243703.5837874,1.2821264651388888,0.8072402361111111,1.4066836581597224,0.9772717770034842
2024-11-06,104951136.0,2602333.73438112,1.4561301489930554,0.8331848506944445,1.5891941580208333,1.2416086493055556
2024-11-07,100303187.0,2506877.552691,1.6082944432291666,0.8303313819444446,1.6846258019097222,70.28452440972222
2024-11-08,96932719.0,2415747.5296461,1.6289119492361113,0.8274933506944444,1.7038594214236111,1.8401056944444447
2024-11-09,108333881.0,2773889.023005,1.5943692573611112,0.82810734375,1.719841808576389,1.747039
2024-11-10,99532391.0,2649751.313202,1.6888247363194442,0.8260530868055556,1.8028400507986109,1.1104297500000002
2024-11-11,97755503.0,2715592.15270329,1.6663697905555555,0.8021397916666666,1.772421957951389,1.2898066736111113
2024-11-12,102228436.0,2966055.842104,1.6398474907291665,0.8637326527777778,1.7093883788541666,1.1078383993055556
2024-11-13,91757471.0,2506080.047952,1.6425917539930555,0.8413831006944444,1.748245096875,1.1598420555555553
2024-11-14,87528922.0,2279253.12888,1.6988334113194443,0.817140920138889,1.814818840902778,1.491181628472222
2024-11-15,87500217.0,2419205.999616,1.778878207951389,0.770620173611111,1.9385081479166668,1.3250242048611112
2024-11-16,89901159.0,2628864.51915348,1.8612083892013886,0.7197609861111112,2.0270951628124996,1.6704711944444444
2024-11-17,81589569.0,2276430.564669,1.8096691996180556,0.7585379027777778,1.9305716451736115,1.5729710625
2024-11-18,85233538.0,2531644.9007681,1.7369950970486112,0.7207520659722222,1.9222202880555557,1.2803734930555555
2024-11-19,80098934.0,2425614.39160982,1.5888533301041667,0.7508814930555556,1.738845116388889,1.5513687465277777
2024-11-20,75611365.0,2177273.1097667,1.506034900972222,0.7067776597222222,1.6669710586458333,1.2162179340277777
2024-11-21,79688822.0,2357832.865336,1.4529575223263889,0.68636903125,1.6716432711805556,1.467019715277778
2024-11-22,77716195.0,2392434.77592875,1.529517760625,0.6901293576388889,1.6954220286458335,1.3080130798611111
2024-11-23,78539207.0,2495975.99846,1.6342704146180556,0.6818555972222221,1.7900980643055557,1.2330559131944445
2024-11-24,90788155.0,3005905.023895,1.7403528456944446,0.7542814999999999,1.865916279861111,1.0458164583333334
2024-11-25,86255766.0,2887370.36408232,1.7304146386111112,0.8413234097222222,1.822799783784722,1.0918767951388888
2024-11-26,89936603.0,3220375.23284351,1.7333948493402778,0.8125776875,1.9095505193055553,1.094034340277778
2024-11-27,88996236.0,3245338.52190072,1.6214656727083334,0.7471450486111111,1.8242154931597223,1.0749696006944445
2024-11-28,83677849.0,2958267.17958945,1.8106518878472224,0.8200017534722223,1.871418846597222,1.1703994895833332
2024-11-29,82362185.0,2941483.07509,1.3579143380902776,0.9670386319444444,1.2759264737152778,1.2943375972222222
2024-11-30,70035926.0,2576481.645688,1.3938928165972222,1.13387309375,1.2441253193750001,1.1450065763888888
2024-12-01,68157848.0,2476989.1041236,1.4481927530555556,1.1077567465277778,1.3946439037500002,1.2446610868055556
2024-12-02,61720884.0,2200786.49845872,1.5262051236805556,1.0559346006944443,1.4852102067013888,1.08391415625
2024-12-03,67393620.0,2492323.897392,1.7542598169444443,1.1746017395833332,1.7763531217361113,1.2139686979166666
2024-12-04,63475127.0,2464204.72084066,1.7189724181597221,1.4298081388888888,1.6293232379513887,1.097505625
2024-12-05,57222441.0,2159517.700899,1.6567942630555557,1.6240579930555556,1.6824826624305556,1.166765378472222
2024-12-06,52902851.0,2004159.43962827,1.6268682992013888,1.8847419722222218,1.6466738921874997,1.1497767187499999
2024-12-07,49617443.0,1874398.144211,1.7398638424305555,2.405929847222222,1.669999259375,1.2615487118055555
2024-12-08,40122062.0,1510996.85492,1.7164530362500001,2.6198519444444446,1.6828723166666668,1.2488759201388886
2024-12-09,0.0,0.0,1.689951783796296,2.751633083333333,1.6560218287962964,1.2997536880733946
2024-12-10,0.0,0.0,1.689951783796296,2.751633083333333,1.6560218287962964,1.2997536880733946
2024-12-11,0.0,0.0,1.689951783796296,2.751633083333333,1.6560218287962964,1.2997536880733946
2024-12-12,0.0,0.0,,0.604321,,
2024-12-13,0.0,0.0,,0.540976,,
2024-12-14,0.0,0.0,,0.559939,,
2024-12-15,0.0,0.0,,0.5582385,,
2024-12-16,0.0,0.0,,0.5572935,,
2024-12-17,0.0,0.0,,0.48366,,
2024-12-18,0.0,0.0,,0.4055775,,
2024-12-19,0.0,0.0,,0.3472915,,
2024-12-20,0.0,0.0,,0.374885,,
2024-12-21,0.0,0.0,,0.4564155,,
2024-12-22,0.0,0.0,,0.46327450000000003,,
2024-12-23,0.0,0.0,,0.491422,,
2024-12-24,0.0,0.0,,0.459056,,
2024-12-25,0.0,0.0,,0.411947,,
2024-12-26,0.0,0.0,,0.386331,,
2024-12-27,0.0,0.0,,0.3681745,,
2024-12-28,0.0,0.0,,0.373417,,
2024-12-29,0.0,0.0,,0.3781025,,
2024-12-30,0.0,0.0,,0.379907,,
2024-12-31,0.0,0.0,,0.36492,,
2025-01-01,0.0,0.0,,0.3641185,,
2025-01-02,0.0,0.0,,0.35632549999999996,,
2025-01-03,0.0,0.0,,0.35632549999999996,,
2025-01-04,0.0,0.0,,0.35632549999999996,,
2025-01-05,0.0,0.0,,,,
2025-01-06,0.0,0.0,,,,
2025-01-07,0.0,0.0,,,,
2025-01-08,0.0,0.0,,,,
2025-01-09,0.0,0.0,,,,
2025-01-10,0.0,0.0,,,,
2025-01-11,0.0,0.0,,,,
2025-01-12,0.0,0.0,,,,
2025-01-13,0.0,0.0,,,,
2025-01-14,0.0,0.0,,,,
2025-01-15,0.0,0.0,,,,
2025-01-16,0.0,0.0,,,,
2025-01-17,0.0,0.0,,,,
2025-01-18,0.0,0.0,,,,
2025-01-19,0.0,0.0,,,,
2025-01-20,0.0,0.0,,,,
2025-01-21,0.0,0.0,,,,
2025-01-22,0.0,0.0,,,,
2025-01-23,0.0,0.0,,,,
2025-01-24,0.0,0.0,,,,
2025-01-25,0.0,0.0,,,,
2025-01-26,0.0,0.0,,,,
2025-01-27,0.0,0.0,,,,
2025-01-28,0.0,0.0,,,,
2025-01-29,0.0,0.0,,,,
2025-01-30,0.0,0.0,,,,
2025-01-31,0.0,0.0,,,,
2025-02-01,0.0,0.0,,,,
2025-02-02,0.0,0.0,,,,
2025-02-03,0.0,0.0,,,,
2025-02-04,0.0,0.0,,,,
2025-02-05,0.0,0.0,,,,
2025-02-06,0.0,0.0,,,,
2025-02-07,0.0,0.0,,,,
2025-02-08,0.0,0.0,,,,
2025-02-09,0.0,0.0,,,,
2025-02-10,0.0,0.0,,,,
2025-02-11,0.0,0.0,,,,
2025-02-12,0.0,0.0,,,,
2025-02-13,0.0,0.0,,,,
2025-02-14,0.0,0.0,,,,
2025-02-15,0.0,0.0,,,,
2025-02-16,0.0,0.0,,,,
2025-02-17,0.0,0.0,,,,
2025-02-18,0.0,0.0,,,,
2025-02-19,0.0,0.0,,,,
2025-02-20,0.0,0.0,,,,
2025-02-21,0.0,0.0,,,,
2025-02-22,0.0,0.0,,,,
2025-02-23,0.0,0.0,,,,
2025-02-24,0.0,0.0,,,,
2025-02-25,0.0,0.0,,,,
2025-02-26,0.0,0.0,,,,
2025-02-27,0.0,0.0,,,,
2025-02-28,0.0,0.0,,,,
2025-03-01,0.0,0.0,,,,
2025-03-02,0.0,0.0,,,,
2025-03-03,0.0,0.0,,,,
2025-03-04,0.0,0.0,,,,
2025-03-05,0.0,0.0,,,,
2025-03-06,0.0,0.0,,,,
2025-03-07,0.0,0.0,,,,
2025-03-08,0.0,0.0,,,,
2025-03-09,0.0,0.0,,,,
2025-03-10,0.0,0.0,,,,
